mtllib model_2.mtl
o model_2
v -79.82408905029297 142.47227478027344 -185.44117736816406 
v -148.47137451171875 142.47227478027344 -185.39280700683594 
v -79.82408905029297 142.47227478027344 -186.66661071777344 
v -148.47137451171875 142.47227478027344 -186.61822509765625 
v -79.82408905029297 142.47227478027344 -186.66661071777344 
v -148.47137451171875 142.47227478027344 -186.61822509765625 
v -72.47673034667969 149.76333618164062 -186.7472381591797 
v -155.81874084472656 149.76333618164062 -186.68272399902344 
v -148.47137451171875 17.093116760253906 -186.61814880371094 
v -79.82408905029297 17.093116760253906 -186.66653442382812 
v -155.81874084472656 11.89737606048584 -186.68264770507812 
v -72.47673034667969 11.89737606048584 -186.7471466064453 
v -148.47137451171875 17.093116760253906 -185.39273071289062 
v -79.82408905029297 17.093116760253906 -185.44110107421875 
v -148.47137451171875 17.093116760253906 -186.61814880371094 
v -79.82408905029297 17.093116760253906 -186.66653442382812 
v -148.47137451171875 142.47227478027344 -185.39280700683594 
v -148.47137451171875 17.093116760253906 -185.39273071289062 
v -148.47137451171875 142.47227478027344 -186.61822509765625 
v -148.47137451171875 17.093116760253906 -186.61814880371094 
v -79.82408905029297 17.093116760253906 -185.44110107421875 
v -79.82408905029297 142.47227478027344 -185.44117736816406 
v -79.82408905029297 17.093116760253906 -186.66653442382812 
v -79.82408905029297 142.47227478027344 -186.66661071777344 
v -74.39108276367188 142.4724884033203 177.3974151611328 
v -5.743794918060303 142.4724884033203 177.36517333984375 
v -74.39108276367188 142.4724884033203 178.6228485107422 
v -5.743794918060303 142.4724884033203 178.574462890625 
v -74.39108276367188 17.093341827392578 178.6229248046875 
v -74.39108276367188 142.4724884033203 178.6228485107422 
v -81.49578094482422 11.88056755065918 178.67129516601562 
v -81.4822998046875 149.87429809570312 178.65509033203125 
v -74.39108276367188 142.4724884033203 178.6228485107422 
v -5.743794918060303 142.4724884033203 178.574462890625 
v -81.4822998046875 149.87429809570312 178.65509033203125 
v 2.0754168033599854 150.10426330566406 178.6389617919922 
v -5.743794918060303 17.093341827392578 178.5745391845703 
v -74.39108276367188 17.093341827392578 178.6229248046875 
v 2.0754168033599854 11.872049331665039 178.63905334472656 
v -81.49578094482422 11.88056755065918 178.67129516601562 
v -5.743794918060303 17.093341827392578 177.36524963378906 
v -74.39108276367188 17.093341827392578 177.39749145507812 
v -5.743794918060303 17.093341827392578 178.5745391845703 
v -74.39108276367188 17.093341827392578 178.6229248046875 
v -5.743794918060303 142.4724884033203 177.36517333984375 
v -5.743794918060303 17.093341827392578 177.36524963378906 
v -5.743794918060303 142.4724884033203 178.574462890625 
v -5.743794918060303 17.093341827392578 178.5745391845703 
v -157.19383239746094 142.4724884033203 178.6873321533203 
v -157.19383239746094 142.4724884033203 177.4619140625 
v -88.54655456542969 142.4724884033203 178.63897705078125 
v -88.54655456542969 142.4724884033203 177.41354370117188 
v -81.4822998046875 149.87429809570312 178.65509033203125 
v -88.54655456542969 142.4724884033203 178.63897705078125 
v -81.49578094482422 11.88056755065918 178.67129516601562 
v -88.54655456542969 17.093341827392578 178.63905334472656 
v -165.16134643554688 150.10426330566406 178.7518310546875 
v -157.19383239746094 142.4724884033203 178.6873321533203 
v -81.4822998046875 149.87429809570312 178.65509033203125 
v -88.54655456542969 142.4724884033203 178.63897705078125 
v -81.49578094482422 11.88056755065918 178.67129516601562 
v -88.54655456542969 17.093341827392578 178.63905334472656 
v -165.16134643554688 11.872049331665039 178.75192260742188 
v -157.19383239746094 17.093341827392578 178.68740844726562 
v -88.54655456542969 17.093341827392578 178.63905334472656 
v -88.54655456542969 17.093341827392578 177.4136199951172 
v -157.19383239746094 17.093341827392578 178.68740844726562 
v -157.19383239746094 17.093341827392578 177.4619903564453 
v -157.19383239746094 17.093341827392578 178.68740844726562 
v -157.19383239746094 17.093341827392578 177.4619903564453 
v -157.19383239746094 142.4724884033203 178.6873321533203 
v -157.19383239746094 142.4724884033203 177.4619140625 
v 163.35340881347656 204.66781616210938 -190.35903930664062 
v 159.80780029296875 207.44454956054688 -190.3106689453125 
v 163.35340881347656 233.15921020507812 -190.3590545654297 
v 159.80780029296875 230.38246154785156 -190.31068420410156 
v 114.011474609375 207.44454956054688 -190.27842712402344 
v 114.02496337890625 207.44456481933594 -188.61764526367188 
v 159.80780029296875 207.44454956054688 -190.3106689453125 
v 159.80780029296875 207.44456481933594 -188.64990234375 
v 110.46587371826172 204.66781616210938 -190.3267822265625 
v 114.011474609375 207.44454956054688 -190.27842712402344 
v 163.35340881347656 204.66781616210938 -190.35903930664062 
v 159.80780029296875 207.44454956054688 -190.3106689453125 
v 163.35340881347656 233.15921020507812 -190.3590545654297 
v 159.80780029296875 230.38246154785156 -190.31068420410156 
v 110.46587371826172 233.15921020507812 -190.32681274414062 
v 114.011474609375 230.38246154785156 -190.2784423828125 
v 110.46587371826172 233.15921020507812 -190.32681274414062 
v 114.011474609375 230.38246154785156 -190.2784423828125 
v 110.46587371826172 204.66781616210938 -190.3267822265625 
v 114.011474609375 207.44454956054688 -190.27842712402344 
v 159.80780029296875 207.44454956054688 -190.3106689453125 
v 159.80780029296875 207.44456481933594 -188.64990234375 
v 159.80780029296875 230.38246154785156 -190.31068420410156 
v 159.80780029296875 230.38246154785156 -188.64991760253906 
v 159.80780029296875 230.38246154785156 -190.31068420410156 
v 159.80780029296875 230.38246154785156 -188.64991760253906 
v 114.011474609375 230.38246154785156 -190.2784423828125 
v 114.02496337890625 230.38246154785156 -188.61766052246094 
v 114.011474609375 230.38246154785156 -190.2784423828125 
v 114.02496337890625 230.38246154785156 -188.61766052246094 
v 114.011474609375 207.44454956054688 -190.27842712402344 
v 114.02496337890625 207.44456481933594 -188.61764526367188 
v -155.81874084472656 11.89737606048584 -186.68264770507812 
v -155.81874084472656 50.89097213745117 -186.6826629638672 
v -148.47137451171875 17.093116760253906 -186.61814880371094 
v -148.47137451171875 142.47227478027344 -186.61822509765625 
v -155.81874084472656 149.76333618164062 -186.68272399902344 
v -72.47673034667969 11.89737606048584 -186.7471466064453 
v -79.82408905029297 17.093116760253906 -186.66653442382812 
v -72.47673034667969 50.916526794433594 -186.74717712402344 
v -79.82408905029297 142.47227478027344 -186.66661071777344 
v -72.47673034667969 149.76333618164062 -186.7472381591797 
v 2.0754168033599854 11.872049331665039 178.63905334472656 
v -5.743794918060303 17.093341827392578 178.5745391845703 
v 2.0754168033599854 50.899715423583984 178.63902282714844 
v -5.743794918060303 142.4724884033203 178.574462890625 
v 2.0754168033599854 150.10426330566406 178.6389617919922 
v -165.16134643554688 11.872049331665039 178.75192260742188 
v -157.19383239746094 17.093341827392578 178.68740844726562 
v -165.16134643554688 50.737884521484375 178.75189208984375 
v -157.19383239746094 142.4724884033203 178.6873321533203 
v -165.16134643554688 150.10426330566406 178.7518310546875 
v -16.59066390991211 48.05181884765625 -199.7571563720703 
v -37.727806091308594 48.05181884765625 -199.7571563720703 
v -17.303152084350586 10.285490989685059 -203.55706787109375 
v -37.01531982421875 10.285490989685059 -203.55706787109375 
v -13.26572036743164 48.05180358886719 -224.45675659179688 
v -13.26572036743164 48.051815032958984 -203.31959533691406 
v -14.215703964233398 10.285480499267578 -220.894287109375 
v -14.215703964233398 10.285489082336426 -206.64451599121094 
v -13.26572036743164 48.05180358886719 -224.45675659179688 
v -10.415767669677734 48.05180358886719 -226.59422302246094 
v -13.26572036743164 48.051815032958984 -203.31959533691406 
v -10.415767669677734 48.05181884765625 -200.9446258544922 
v -16.59066390991211 48.05181884765625 -199.7571563720703 
v -14.45319938659668 48.05181884765625 -196.90719604492188 
v -41.29024887084961 48.051815032958984 -203.08209228515625 
v -41.29024887084961 48.05180358886719 -224.45675659179688 
v -40.10276794433594 10.285489082336426 -206.64451599121094 
v -40.34026336669922 10.285480499267578 -220.894287109375 
v -37.96530532836914 48.05179977416992 -227.7816925048828 
v -16.59066390991211 48.05179977416992 -227.7816925048828 
v -37.01531982421875 10.285478591918945 -223.9817352294922 
v -17.303152084350586 10.285478591918945 -223.9817352294922 
v -37.727806091308594 48.05181884765625 -199.7571563720703 
v -41.29024887084961 48.051815032958984 -203.08209228515625 
v -37.01531982421875 10.285490989685059 -203.55706787109375 
v -40.10276794433594 10.285489082336426 -206.64451599121094 
v -37.01531982421875 10.285478591918945 -223.9817352294922 
v -40.34026336669922 10.285480499267578 -220.894287109375 
v -37.96530532836914 48.05179977416992 -227.7816925048828 
v -41.29024887084961 48.05180358886719 -224.45675659179688 
v -14.215703964233398 10.285480499267578 -220.894287109375 
v -17.303152084350586 10.285478591918945 -223.9817352294922 
v -13.26572036743164 48.05180358886719 -224.45675659179688 
v -16.59066390991211 48.05179977416992 -227.7816925048828 
v -17.303152084350586 10.285490989685059 -203.55706787109375 
v -14.215703964233398 10.285489082336426 -206.64451599121094 
v -16.59066390991211 48.05181884765625 -199.7571563720703 
v -13.26572036743164 48.051815032958984 -203.31959533691406 
v -40.10276794433594 48.05179977416992 -230.63165283203125 
v -40.10276794433594 55.074462890625 -230.63165283203125 
v -14.45319938659668 48.05179977416992 -230.63165283203125 
v -14.45319938659668 55.074462890625 -230.63165283203125 
v -41.29024887084961 48.051815032958984 -203.08209228515625 
v -44.140201568603516 48.05181884765625 -200.9446258544922 
v -41.29024887084961 48.05180358886719 -224.45675659179688 
v -44.140201568603516 48.05180358886719 -226.59422302246094 
v -37.96530532836914 48.05179977416992 -227.7816925048828 
v -40.10276794433594 48.05179977416992 -230.63165283203125 
v -16.59066390991211 48.05179977416992 -227.7816925048828 
v -14.45319938659668 48.05179977416992 -230.63165283203125 
v -16.59066390991211 48.05181884765625 -199.7571563720703 
v -14.45319938659668 48.05181884765625 -196.90719604492188 
v -37.727806091308594 48.05181884765625 -199.7571563720703 
v -40.10276794433594 48.05181884765625 -196.90719604492188 
v -16.59066390991211 48.05179977416992 -227.7816925048828 
v -14.45319938659668 48.05179977416992 -230.63165283203125 
v -13.26572036743164 48.05180358886719 -224.45675659179688 
v -10.415767669677734 48.05180358886719 -226.59422302246094 
v -41.29024887084961 48.05180358886719 -224.45675659179688 
v -44.140201568603516 48.05180358886719 -226.59422302246094 
v -37.96530532836914 48.05179977416992 -227.7816925048828 
v -40.10276794433594 48.05179977416992 -230.63165283203125 
v -37.727806091308594 48.05181884765625 -199.7571563720703 
v -40.10276794433594 48.05181884765625 -196.90719604492188 
v -41.29024887084961 48.051815032958984 -203.08209228515625 
v -44.140201568603516 48.05181884765625 -200.9446258544922 
v -38.677791595458984 55.07448196411133 -198.8071746826172 
v -35.5903434753418 61.73300552368164 -202.8446044921875 
v -15.87817668914795 55.07448196411133 -198.8071746826172 
v -18.96562385559082 61.73300552368164 -202.8446044921875 
v -14.45319938659668 48.05181884765625 -196.90719604492188 
v -14.45319938659668 55.074485778808594 -196.90719604492188 
v -40.10276794433594 48.05181884765625 -196.90719604492188 
v -40.10276794433594 55.074485778808594 -196.90719604492188 
v -10.415767669677734 48.05181884765625 -200.9446258544922 
v -10.415767669677734 55.07448196411133 -200.94464111328125 
v -14.45319938659668 48.05181884765625 -196.90719604492188 
v -14.45319938659668 55.074485778808594 -196.90719604492188 
v -44.140201568603516 48.05180358886719 -226.59422302246094 
v -44.140201568603516 55.074466705322266 -226.59422302246094 
v -40.10276794433594 48.05179977416992 -230.63165283203125 
v -40.10276794433594 55.074462890625 -230.63165283203125 
v -10.415767669677734 48.05180358886719 -226.59422302246094 
v -10.415767669677734 55.074466705322266 -226.59422302246094 
v -10.415767669677734 48.05181884765625 -200.9446258544922 
v -10.415767669677734 55.07448196411133 -200.94464111328125 
v -44.140201568603516 48.05181884765625 -200.9446258544922 
v -44.140201568603516 55.07448196411133 -200.94464111328125 
v -44.140201568603516 48.05180358886719 -226.59422302246094 
v -44.140201568603516 55.074466705322266 -226.59422302246094 
v -14.45319938659668 48.05179977416992 -230.63165283203125 
v -14.45319938659668 55.074462890625 -230.63165283203125 
v -10.415767669677734 48.05180358886719 -226.59422302246094 
v -10.415767669677734 55.074466705322266 -226.59422302246094 
v -40.10276794433594 48.05181884765625 -196.90719604492188 
v -40.10276794433594 55.074485778808594 -196.90719604492188 
v -44.140201568603516 48.05181884765625 -200.9446258544922 
v -44.140201568603516 55.07448196411133 -200.94464111328125 
v -12.078239440917969 55.074466705322266 -225.16925048828125 
v -12.078239440917969 48.467960357666016 -225.1692352294922 
v -12.078239440917969 55.07448196411133 -202.36961364746094 
v -12.078239440917969 48.46797561645508 -202.36961364746094 
v -14.45319938659668 55.074462890625 -230.63165283203125 
v -15.87817668914795 55.074462890625 -228.96917724609375 
v -10.415767669677734 55.074466705322266 -226.59422302246094 
v -12.078239440917969 55.074466705322266 -225.16925048828125 
v -40.10276794433594 55.074485778808594 -196.90719604492188 
v -36.54032897949219 62.617340087890625 -201.4196319580078 
v -44.140201568603516 55.07448196411133 -200.94464111328125 
v -39.627777099609375 62.617340087890625 -204.507080078125 
v -40.10276794433594 55.074462890625 -230.63165283203125 
v -38.677791595458984 55.074462890625 -228.96917724609375 
v -14.45319938659668 55.074462890625 -230.63165283203125 
v -15.87817668914795 55.074462890625 -228.96917724609375 
v -12.078239440917969 55.074466705322266 -225.16925048828125 
v -16.353168487548828 61.732994079589844 -225.40673828125 
v -10.415767669677734 55.074466705322266 -226.59422302246094 
v -14.928192138671875 62.61732482910156 -226.3567352294922 
v -42.240234375 55.074466705322266 -225.16925048828125 
v -38.20280075073242 61.732994079589844 -225.40673828125 
v -42.240234375 55.07448196411133 -202.36961364746094 
v -38.20280075073242 61.73300552368164 -205.45706176757812 
v -44.140201568603516 55.074466705322266 -226.59422302246094 
v -42.240234375 55.074466705322266 -225.16925048828125 
v -40.10276794433594 55.074462890625 -230.63165283203125 
v -38.677791595458984 55.074462890625 -228.96917724609375 
v -10.415767669677734 55.07448196411133 -200.94464111328125 
v -14.928192138671875 62.617340087890625 -204.507080078125 
v -14.45319938659668 55.074485778808594 -196.90719604492188 
v -17.77814483642578 62.617340087890625 -201.4196319580078 
v -15.87817668914795 55.074462890625 -228.96917724609375 
v -15.87817668914795 48.467960357666016 -228.96917724609375 
v -12.078239440917969 55.074466705322266 -225.16925048828125 
v -12.078239440917969 48.467960357666016 -225.1692352294922 
v -38.677791595458984 55.07448196411133 -198.8071746826172 
v -38.677791595458984 48.46797561645508 -198.80715942382812 
v -42.240234375 55.07448196411133 -202.36961364746094 
v -42.240234375 48.46797561645508 -202.36961364746094 
v -38.677791595458984 55.074462890625 -228.96917724609375 
v -38.677791595458984 48.467960357666016 -228.96917724609375 
v -15.87817668914795 55.074462890625 -228.96917724609375 
v -15.87817668914795 48.467960357666016 -228.96917724609375 
v -15.87817668914795 55.07448196411133 -198.8071746826172 
v -15.87817668914795 48.46797561645508 -198.80715942382812 
v -38.677791595458984 55.07448196411133 -198.8071746826172 
v -38.677791595458984 48.46797561645508 -198.80715942382812 
v -12.078239440917969 55.07448196411133 -202.36961364746094 
v -12.078239440917969 48.46797561645508 -202.36961364746094 
v -15.87817668914795 55.07448196411133 -198.8071746826172 
v -15.87817668914795 48.46797561645508 -198.80715942382812 
v -42.240234375 55.074466705322266 -225.16925048828125 
v -42.240234375 48.467960357666016 -225.1692352294922 
v -38.677791595458984 55.074462890625 -228.96917724609375 
v -38.677791595458984 48.467960357666016 -228.96917724609375 
v -39.627777099609375 62.617340087890625 -204.507080078125 
v -38.20280075073242 61.73300552368164 -205.45706176757812 
v -39.627777099609375 62.61732482910156 -226.3567352294922 
v -38.20280075073242 61.732994079589844 -225.40673828125 
v -36.54032897949219 62.617340087890625 -201.4196319580078 
v -35.5903434753418 61.73300552368164 -202.8446044921875 
v -39.627777099609375 62.617340087890625 -204.507080078125 
v -38.20280075073242 61.73300552368164 -205.45706176757812 
v -17.77814483642578 62.617340087890625 -201.4196319580078 
v -18.96562385559082 61.73300552368164 -202.8446044921875 
v -36.54032897949219 62.617340087890625 -201.4196319580078 
v -35.5903434753418 61.73300552368164 -202.8446044921875 
v -14.928192138671875 62.617340087890625 -204.507080078125 
v -16.353168487548828 61.73300552368164 -205.45706176757812 
v -17.77814483642578 62.617340087890625 -201.4196319580078 
v -18.96562385559082 61.73300552368164 -202.8446044921875 
v -14.928192138671875 62.61732482910156 -226.3567352294922 
v -16.353168487548828 61.732994079589844 -225.40673828125 
v -14.928192138671875 62.617340087890625 -204.507080078125 
v -16.353168487548828 61.73300552368164 -205.45706176757812 
v -44.140201568603516 55.07448196411133 -200.94464111328125 
v -39.627777099609375 62.617340087890625 -204.507080078125 
v -44.140201568603516 55.074466705322266 -226.59422302246094 
v -39.627777099609375 62.61732482910156 -226.3567352294922 
v -44.140201568603516 55.074466705322266 -226.59422302246094 
v -39.627777099609375 62.61732482910156 -226.3567352294922 
v -42.240234375 55.074466705322266 -225.16925048828125 
v -38.20280075073242 61.732994079589844 -225.40673828125 
v -12.078239440917969 55.07448196411133 -202.36961364746094 
v -16.353168487548828 61.73300552368164 -205.45706176757812 
v -12.078239440917969 55.074466705322266 -225.16925048828125 
v -16.353168487548828 61.732994079589844 -225.40673828125 
v -14.45319938659668 55.074485778808594 -196.90719604492188 
v -17.77814483642578 62.617340087890625 -201.4196319580078 
v -40.10276794433594 55.074485778808594 -196.90719604492188 
v -36.54032897949219 62.617340087890625 -201.4196319580078 
v -15.87817668914795 55.07448196411133 -198.8071746826172 
v -18.96562385559082 61.73300552368164 -202.8446044921875 
v -12.078239440917969 55.07448196411133 -202.36961364746094 
v -16.353168487548828 61.73300552368164 -205.45706176757812 
v -42.240234375 55.07448196411133 -202.36961364746094 
v -38.20280075073242 61.73300552368164 -205.45706176757812 
v -38.677791595458984 55.07448196411133 -198.8071746826172 
v -35.5903434753418 61.73300552368164 -202.8446044921875 
v -10.415767669677734 55.074466705322266 -226.59422302246094 
v -14.928192138671875 62.61732482910156 -226.3567352294922 
v -10.415767669677734 55.07448196411133 -200.94464111328125 
v -14.928192138671875 62.617340087890625 -204.507080078125 
v -38.20280075073242 61.732994079589844 -225.40673828125 
v -39.627777099609375 62.61732482910156 -226.3567352294922 
v -16.353168487548828 61.732994079589844 -225.40673828125 
v -14.928192138671875 62.61732482910156 -226.3567352294922 
v -40.34026336669922 10.285480499267578 -220.894287109375 
v -37.01531982421875 10.285478591918945 -223.9817352294922 
v -40.10276794433594 10.285489082336426 -206.64451599121094 
v -37.01531982421875 10.285490989685059 -203.55706787109375 
v -17.303152084350586 10.285478591918945 -223.9817352294922 
v -17.303152084350586 10.285490989685059 -203.55706787109375 
v -14.215703964233398 10.285480499267578 -220.894287109375 
v -14.215703964233398 10.285489082336426 -206.64451599121094 
v -38.20280075073242 61.732994079589844 -225.40673828125 
v -38.20280075073242 61.73300552368164 -205.45706176757812 
v -16.353168487548828 61.732994079589844 -225.40673828125 
v -35.5903434753418 61.73300552368164 -202.8446044921875 
v -18.96562385559082 61.73300552368164 -202.8446044921875 
v -16.353168487548828 61.73300552368164 -205.45706176757812 
v -39.627777099609375 62.61732482910156 -226.3567352294922 
v -39.627777099609375 62.617340087890625 -204.507080078125 
v -14.928192138671875 62.61732482910156 -226.3567352294922 
v -36.54032897949219 62.617340087890625 -201.4196319580078 
v -17.77814483642578 62.617340087890625 -201.4196319580078 
v -14.928192138671875 62.617340087890625 -204.507080078125 
v -179.27525329589844 189.28146362304688 55.15755844116211 
v -179.27525329589844 250.73281860351562 55.15752029418945 
v -179.2262725830078 189.281494140625 116.58731842041016 
v -179.2262725830078 250.73284912109375 116.5872802734375 
v -204.1497344970703 196.6947479248047 85.2419204711914 
v -204.1497344970703 197.455078125 79.3571548461914 
v -207.089111328125 196.6947479248047 85.2419204711914 
v -207.10134887695312 197.455078125 79.3571548461914 
v -204.1497344970703 197.455078125 79.3571548461914 
v -204.1497344970703 199.62745666503906 73.86270141601562 
v -207.10134887695312 197.455078125 79.3571548461914 
v -207.10134887695312 199.62745666503906 73.86270141601562 
v -204.1497344970703 199.62745666503906 73.86270141601562 
v -204.16197204589844 203.103271484375 69.05880737304688 
v -207.10134887695312 199.62745666503906 73.86270141601562 
v -207.10134887695312 203.103271484375 69.05880737304688 
v -204.16197204589844 207.665283203125 65.27574157714844 
v -207.10134887695312 207.665283203125 65.27574157714844 
v -204.16197204589844 203.103271484375 69.05880737304688 
v -207.10134887695312 203.103271484375 69.05880737304688 
v -204.16197204589844 213.04193115234375 62.75369644165039 
v -207.1136016845703 213.04193115234375 62.75369644165039 
v -204.16197204589844 207.665283203125 65.27574157714844 
v -207.10134887695312 207.665283203125 65.27574157714844 
v -204.16197204589844 218.85305786132812 61.642791748046875 
v -207.1136016845703 218.85305786132812 61.642791748046875 
v -204.16197204589844 213.04193115234375 62.75369644165039 
v -207.1136016845703 213.04193115234375 62.75369644165039 
v -204.16197204589844 224.77281188964844 62.003082275390625 
v -207.1136016845703 224.77281188964844 62.003082275390625 
v -204.16197204589844 218.85305786132812 61.642791748046875 
v -207.1136016845703 218.85305786132812 61.642791748046875 
v -204.16197204589844 230.4210205078125 63.83456039428711 
v -207.10134887695312 230.4210205078125 63.83456039428711 
v -204.16197204589844 224.77281188964844 62.003082275390625 
v -207.1136016845703 224.77281188964844 62.003082275390625 
v -204.16197204589844 235.41749572753906 67.01713562011719 
v -207.10134887695312 235.41749572753906 67.01713562011719 
v -204.16197204589844 230.4210205078125 63.83456039428711 
v -207.10134887695312 230.4210205078125 63.83456039428711 
v -204.1497344970703 242.34197998046875 76.53484344482422 
v -207.10134887695312 242.34197998046875 76.53484344482422 
v -204.16197204589844 239.49072265625 71.34063720703125 
v -207.10134887695312 239.49072265625 71.34063720703125 
v -204.1497344970703 243.808349609375 82.26948547363281 
v -207.089111328125 243.808349609375 82.26948547363281 
v -204.1497344970703 242.34197998046875 76.53484344482422 
v -207.10134887695312 242.34197998046875 76.53484344482422 
v -204.1497344970703 243.808349609375 88.21430206298828 
v -207.089111328125 243.808349609375 88.21430206298828 
v -204.1497344970703 243.808349609375 82.26948547363281 
v -207.089111328125 243.808349609375 82.26948547363281 
v -204.13748168945312 242.3419952392578 93.94894409179688 
v -207.089111328125 242.3419952392578 93.94894409179688 
v -204.1497344970703 243.808349609375 88.21430206298828 
v -207.089111328125 243.808349609375 88.21430206298828 
v -204.13748168945312 239.49073791503906 99.14315795898438 
v -207.089111328125 239.49073791503906 99.14315795898438 
v -204.13748168945312 242.3419952392578 93.94894409179688 
v -207.089111328125 242.3419952392578 93.94894409179688 
v -204.13748168945312 235.4175262451172 103.46665954589844 
v -207.0768585205078 235.4175262451172 103.46665954589844 
v -204.13748168945312 239.49073791503906 99.14315795898438 
v -207.089111328125 239.49073791503906 99.14315795898438 
v -204.13748168945312 235.4175262451172 103.46665954589844 
v -204.13748168945312 230.42103576660156 106.64923858642578 
v -207.0768585205078 235.4175262451172 103.46665954589844 
v -207.0768585205078 230.42103576660156 106.64923858642578 
v -204.13748168945312 230.42103576660156 106.64923858642578 
v -204.12522888183594 224.77284240722656 108.48072814941406 
v -207.0768585205078 230.42103576660156 106.64923858642578 
v -207.0768585205078 224.77284240722656 108.48072814941406 
v -204.12522888183594 224.77284240722656 108.48072814941406 
v -204.12522888183594 218.85308837890625 108.84101867675781 
v -207.0768585205078 224.77284240722656 108.48072814941406 
v -207.0768585205078 218.85308837890625 108.84101867675781 
v -204.12522888183594 218.85308837890625 108.84101867675781 
v -204.13748168945312 213.04196166992188 107.7301254272461 
v -207.0768585205078 218.85308837890625 108.84101867675781 
v -207.0768585205078 213.04196166992188 107.7301254272461 
v -204.13748168945312 213.04196166992188 107.7301254272461 
v -204.13748168945312 207.66529846191406 105.20808410644531 
v -207.0768585205078 213.04196166992188 107.7301254272461 
v -207.0768585205078 207.66529846191406 105.20808410644531 
v -204.13748168945312 207.66529846191406 105.20808410644531 
v -204.13748168945312 203.10328674316406 101.4250259399414 
v -207.0768585205078 207.66529846191406 105.20808410644531 
v -207.0768585205078 203.10328674316406 101.4250259399414 
v -204.13748168945312 203.10328674316406 101.4250259399414 
v -204.13748168945312 199.62747192382812 96.62113189697266 
v -207.0768585205078 203.10328674316406 101.4250259399414 
v -207.089111328125 199.62747192382812 96.65116119384766 
v -204.13748168945312 199.62747192382812 96.62113189697266 
v -204.13748168945312 197.455078125 91.1266860961914 
v -207.089111328125 199.62747192382812 96.65116119384766 
v -207.089111328125 197.455078125 91.1266860961914 
v -204.13748168945312 197.455078125 91.1266860961914 
v -204.1497344970703 196.6947479248047 85.2419204711914 
v -207.089111328125 197.455078125 91.1266860961914 
v -207.089111328125 196.6947479248047 85.2419204711914 
v -204.8845672607422 247.8001251220703 116.61730194091797 
v -204.8845672607422 192.21421813964844 116.6173324584961 
v -201.52877807617188 247.8001251220703 116.61730194091797 
v -201.52877807617188 192.21421813964844 116.6173324584961 
v -207.0768585205078 189.281494140625 116.61734008789062 
v -204.8845672607422 192.21421813964844 116.6173324584961 
v -207.0768585205078 250.73284912109375 116.61730194091797 
v -204.8845672607422 247.8001251220703 116.61730194091797 
v -179.2262725830078 250.73284912109375 116.5872802734375 
v -181.41854858398438 247.8001251220703 116.5872802734375 
v -179.2262725830078 189.281494140625 116.58731842041016 
v -181.41854858398438 192.21421813964844 116.58731079101562 
v -184.76210021972656 247.8001251220703 116.5872802734375 
v -184.76210021972656 192.21421813964844 116.58731079101562 
v -181.41854858398438 247.8001251220703 116.5872802734375 
v -181.41854858398438 192.21421813964844 116.58731079101562 
v -191.47366333007812 247.8001251220703 116.61730194091797 
v -191.47366333007812 192.21421813964844 116.6173324584961 
v -188.11788940429688 247.8001251220703 116.61730194091797 
v -188.11788940429688 192.21421813964844 116.6173324584961 
v -198.17300415039062 247.8001251220703 116.61730194091797 
v -198.17300415039062 192.21421813964844 116.6173324584961 
v -194.82945251464844 247.8001251220703 116.61730194091797 
v -194.82945251464844 192.21421813964844 116.6173324584961 
v -207.1136016845703 250.73281860351562 55.18754196166992 
v -207.0768585205078 250.73284912109375 116.61730194091797 
v -179.27525329589844 250.73281860351562 55.15752029418945 
v -179.2262725830078 250.73284912109375 116.5872802734375 
v -179.27525329589844 250.73281860351562 55.15752029418945 
v -183.26791381835938 245.70916748046875 55.15752410888672 
v -207.1136016845703 250.73281860351562 55.18754196166992 
v -203.12094116210938 245.70916748046875 55.18754577636719 
v -207.0768585205078 189.281494140625 116.61734008789062 
v -207.1136016845703 189.28146362304688 55.18758010864258 
v -179.2262725830078 189.281494140625 116.58731842041016 
v -179.27525329589844 189.28146362304688 55.15755844116211 
v -179.27525329589844 189.28146362304688 55.15755844116211 
v -183.26791381835938 194.3050994873047 55.157554626464844 
v -179.27525329589844 250.73281860351562 55.15752029418945 
v -183.26791381835938 245.70916748046875 55.15752410888672 
v -207.1136016845703 250.73281860351562 55.18754196166992 
v -203.12094116210938 245.70916748046875 55.18754577636719 
v -207.1136016845703 189.28146362304688 55.18758010864258 
v -203.12094116210938 194.3050994873047 55.18758010864258 
v -207.1136016845703 189.28146362304688 55.18758010864258 
v -203.12094116210938 194.3050994873047 55.18758010864258 
v -179.27525329589844 189.28146362304688 55.15755844116211 
v -183.26791381835938 194.3050994873047 55.157554626464844 
v -207.10134887695312 235.41749572753906 67.01713562011719 
v -204.16197204589844 235.41749572753906 67.01713562011719 
v -207.10134887695312 236.80239868164062 68.48832702636719 
v -207.10134887695312 239.49072265625 71.34063720703125 
v -204.16197204589844 239.49072265625 71.34063720703125 
v -207.10134887695312 236.80239868164062 68.48832702636719 
v -207.1136016845703 250.73281860351562 55.18754196166992 
v -207.10134887695312 235.41749572753906 67.01713562011719 
v -207.10134887695312 230.4210205078125 63.83456039428711 
v -207.1136016845703 224.77281188964844 62.003082275390625 
v -207.1136016845703 218.85305786132812 61.642791748046875 
v -207.1136016845703 189.28146362304688 55.18758010864258 
v -207.1136016845703 213.04193115234375 62.75369644165039 
v -207.10134887695312 207.665283203125 65.27574157714844 
v -207.10134887695312 203.103271484375 69.05880737304688 
v -207.0768585205078 230.42103576660156 106.64923858642578 
v -207.0768585205078 224.77284240722656 108.48072814941406 
v -207.0768585205078 250.73284912109375 116.61730194091797 
v -207.0768585205078 189.281494140625 116.61734008789062 
v -207.0768585205078 235.4175262451172 103.46665954589844 
v -207.089111328125 239.49073791503906 99.14315795898438 
v -207.089111328125 242.3419952392578 93.94894409179688 
v -207.089111328125 243.808349609375 88.21430206298828 
v -207.1136016845703 250.73281860351562 55.18754196166992 
v -207.089111328125 243.808349609375 82.26948547363281 
v -207.10134887695312 242.34197998046875 76.53484344482422 
v -207.10134887695312 239.49072265625 71.34063720703125 
v -207.10134887695312 236.80239868164062 68.48832702636719 
v -207.0768585205078 218.85308837890625 108.84101867675781 
v -207.0768585205078 213.04196166992188 107.7301254272461 
v -207.0768585205078 207.66529846191406 105.20808410644531 
v -207.0768585205078 203.10328674316406 101.4250259399414 
v -207.089111328125 199.62747192382812 96.65116119384766 
v -207.089111328125 197.455078125 91.1266860961914 
v -207.1136016845703 189.28146362304688 55.18758010864258 
v -207.089111328125 196.6947479248047 85.2419204711914 
v -207.10134887695312 197.455078125 79.3571548461914 
v -207.10134887695312 199.62745666503906 73.86270141601562 
v -207.10134887695312 203.103271484375 69.05880737304688 
v -181.41854858398438 247.8001251220703 116.5872802734375 
v -184.76210021972656 247.8001251220703 116.5872802734375 
v -179.2262725830078 250.73284912109375 116.5872802734375 
v -188.11788940429688 247.8001251220703 116.61730194091797 
v -191.47366333007812 247.8001251220703 116.61730194091797 
v -194.82945251464844 247.8001251220703 116.61730194091797 
v -198.17300415039062 247.8001251220703 116.61730194091797 
v -201.52877807617188 247.8001251220703 116.61730194091797 
v -204.8845672607422 247.8001251220703 116.61730194091797 
v -207.0768585205078 250.73284912109375 116.61730194091797 
v -179.2262725830078 189.281494140625 116.58731842041016 
v -181.41854858398438 192.21421813964844 116.58731079101562 
v -207.0768585205078 189.281494140625 116.61734008789062 
v -204.8845672607422 192.21421813964844 116.6173324584961 
v -184.76210021972656 192.21421813964844 116.58731079101562 
v -188.11788940429688 192.21421813964844 116.6173324584961 
v -191.47366333007812 192.21421813964844 116.6173324584961 
v -194.82945251464844 192.21421813964844 116.6173324584961 
v -198.17300415039062 192.21421813964844 116.6173324584961 
v -201.52877807617188 192.21421813964844 116.6173324584961 
v 194.7777862548828 250.73281860351562 54.909244537353516 
v 194.7777862548828 189.28146362304688 54.90928268432617 
v 194.81463623046875 250.73284912109375 116.33899688720703 
v 194.81463623046875 189.281494140625 116.33903503417969 
v 219.6993865966797 243.2924041748047 84.9335708618164 
v 219.68710327148438 242.55921936035156 79.07882690429688 
v 222.63494873046875 243.2924041748047 84.9335708618164 
v 222.63494873046875 242.55921936035156 79.07882690429688 
v 219.68710327148438 242.55921936035156 79.07882690429688 
v 219.68710327148438 240.3868408203125 73.55435180664062 
v 222.63494873046875 242.55921936035156 79.07882690429688 
v 222.63494873046875 240.3868408203125 73.55435180664062 
v 219.68710327148438 240.3868408203125 73.55435180664062 
v 219.68710327148438 236.8838653564453 68.7504653930664 
v 222.63494873046875 240.3868408203125 73.55435180664062 
v 222.63494873046875 236.8838653564453 68.7504653930664 
v 219.68710327148438 232.3218536376953 64.96739959716797 
v 222.62266540527344 232.3218536376953 64.96739959716797 
v 219.68710327148438 236.8838653564453 68.7504653930664 
v 222.63494873046875 236.8838653564453 68.7504653930664 
v 219.67481994628906 226.97235107421875 62.44536209106445 
v 222.62266540527344 226.97235107421875 62.44536209106445 
v 219.68710327148438 232.3218536376953 64.96739959716797 
v 222.62266540527344 232.3218536376953 64.96739959716797 
v 219.67481994628906 221.13406372070312 61.33446502685547 
v 222.62266540527344 221.13406372070312 61.33446502685547 
v 219.67481994628906 226.97235107421875 62.44536209106445 
v 222.62266540527344 226.97235107421875 62.44536209106445 
v 219.67481994628906 215.2143096923828 61.724788665771484 
v 222.62266540527344 215.2143096923828 61.724788665771484 
v 219.67481994628906 221.13406372070312 61.33446502685547 
v 222.62266540527344 221.13406372070312 61.33446502685547 
v 219.67481994628906 209.59327697753906 63.5562744140625 
v 222.62266540527344 209.59327697753906 63.5562744140625 
v 219.67481994628906 215.2143096923828 61.724788665771484 
v 222.62266540527344 215.2143096923828 61.724788665771484 
v 219.68710327148438 204.5696258544922 66.73885345458984 
v 222.62266540527344 204.5696258544922 66.73885345458984 
v 219.67481994628906 209.59327697753906 63.5562744140625 
v 222.62266540527344 209.59327697753906 63.5562744140625 
v 219.68710327148438 197.6723175048828 76.2565689086914 
v 222.63494873046875 197.6723175048828 76.2265396118164 
v 219.68710327148438 200.5235595703125 71.0623550415039 
v 222.63494873046875 200.5235595703125 71.03233337402344 
v 219.6993865966797 196.17880249023438 81.9912109375 
v 222.63494873046875 196.17880249023438 81.9912109375 
v 219.68710327148438 197.6723175048828 76.2565689086914 
v 222.63494873046875 197.6723175048828 76.2265396118164 
v 219.6993865966797 196.17880249023438 87.906005859375 
v 222.64723205566406 196.17880249023438 87.906005859375 
v 219.6993865966797 196.17880249023438 81.9912109375 
v 222.63494873046875 196.17880249023438 81.9912109375 
v 219.6993865966797 197.6723175048828 93.6406478881836 
v 222.64723205566406 197.6723175048828 93.6406478881836 
v 219.6993865966797 196.17880249023438 87.906005859375 
v 222.64723205566406 196.17880249023438 87.906005859375 
v 219.6993865966797 200.52359008789062 98.83485412597656 
v 222.64723205566406 200.52359008789062 98.83485412597656 
v 219.6993865966797 197.6723175048828 93.6406478881836 
v 222.64723205566406 197.6723175048828 93.6406478881836 
v 219.711669921875 204.5696563720703 103.15835571289062 
v 222.65951538085938 204.5696563720703 103.15835571289062 
v 219.6993865966797 200.52359008789062 98.83485412597656 
v 222.64723205566406 200.52359008789062 98.83485412597656 
v 219.711669921875 204.5696563720703 103.15835571289062 
v 219.711669921875 209.59329223632812 106.34092712402344 
v 222.65951538085938 204.5696563720703 103.15835571289062 
v 222.65951538085938 209.59329223632812 106.34092712402344 
v 219.711669921875 209.59329223632812 106.34092712402344 
v 219.711669921875 215.21434020996094 108.17240905761719 
v 222.65951538085938 209.59329223632812 106.34092712402344 
v 222.65951538085938 215.21434020996094 108.17240905761719 
v 219.711669921875 215.21434020996094 108.17240905761719 
v 219.711669921875 221.13409423828125 108.5627212524414 
v 222.65951538085938 215.21434020996094 108.17240905761719 
v 222.65951538085938 221.13409423828125 108.5627212524414 
v 219.711669921875 221.13409423828125 108.5627212524414 
v 219.711669921875 226.97238159179688 107.45181274414062 
v 222.65951538085938 221.13409423828125 108.5627212524414 
v 222.65951538085938 226.97238159179688 107.45181274414062 
v 219.711669921875 226.97238159179688 107.45181274414062 
v 219.711669921875 232.32188415527344 104.92977142333984 
v 222.65951538085938 226.97238159179688 107.45181274414062 
v 222.65951538085938 232.32188415527344 104.89974975585938 
v 219.711669921875 232.32188415527344 104.92977142333984 
v 219.711669921875 236.88388061523438 101.1467056274414 
v 222.65951538085938 232.32188415527344 104.89974975585938 
v 222.64723205566406 236.88388061523438 101.1467056274414 
v 219.711669921875 236.88388061523438 101.1467056274414 
v 219.6993865966797 240.38685607910156 96.34281158447266 
v 222.64723205566406 236.88388061523438 101.1467056274414 
v 222.64723205566406 240.38685607910156 96.34281158447266 
v 219.6993865966797 240.38685607910156 96.34281158447266 
v 219.6993865966797 242.55923461914062 90.8183364868164 
v 222.64723205566406 240.38685607910156 96.34281158447266 
v 222.64723205566406 242.55923461914062 90.8183364868164 
v 219.6993865966797 242.55923461914062 90.8183364868164 
v 219.6993865966797 243.2924041748047 84.9335708618164 
v 222.64723205566406 242.55923461914062 90.8183364868164 
v 222.63494873046875 243.2924041748047 84.9335708618164 
v 220.4731903076172 192.21421813964844 116.30901336669922 
v 220.4731903076172 247.8001251220703 116.30897521972656 
v 217.12001037597656 192.21421813964844 116.30901336669922 
v 217.12001037597656 247.8001251220703 116.30897521972656 
v 222.65951538085938 250.73284912109375 116.30897521972656 
v 220.4731903076172 247.8001251220703 116.30897521972656 
v 222.65951538085938 189.281494140625 116.30901336669922 
v 220.4731903076172 192.21421813964844 116.30901336669922 
v 194.81463623046875 189.281494140625 116.33903503417969 
v 197.00094604492188 192.21421813964844 116.33903503417969 
v 194.81463623046875 250.73284912109375 116.33899688720703 
v 197.00094604492188 247.8001251220703 116.33900451660156 
v 200.3541259765625 192.21421813964844 116.33903503417969 
v 200.3541259765625 247.8001251220703 116.33900451660156 
v 197.00094604492188 192.21421813964844 116.33903503417969 
v 197.00094604492188 247.8001251220703 116.33900451660156 
v 207.06048583984375 192.21421813964844 116.33903503417969 
v 207.06048583984375 247.8001251220703 116.33900451660156 
v 203.70730590820312 192.21421813964844 116.33903503417969 
v 203.70730590820312 247.8001251220703 116.33900451660156 
v 213.76683044433594 192.21421813964844 116.33903503417969 
v 213.76683044433594 247.8001251220703 116.33900451660156 
v 210.41366577148438 192.21421813964844 116.33903503417969 
v 210.41366577148438 247.8001251220703 116.33900451660156 
v 222.62266540527344 189.28146362304688 54.87925720214844 
v 222.65951538085938 189.281494140625 116.30901336669922 
v 194.7777862548828 189.28146362304688 54.90928268432617 
v 194.81463623046875 189.281494140625 116.33903503417969 
v 194.7777862548828 189.28146362304688 54.90928268432617 
v 198.7696533203125 194.3050994873047 54.909278869628906 
v 222.62266540527344 189.28146362304688 54.87925720214844 
v 218.6307830810547 194.3050994873047 54.87925720214844 
v 222.65951538085938 250.73284912109375 116.30897521972656 
v 222.62266540527344 250.73281860351562 54.87921905517578 
v 194.81463623046875 250.73284912109375 116.33899688720703 
v 194.7777862548828 250.73281860351562 54.909244537353516 
v 194.7777862548828 250.73281860351562 54.909244537353516 
v 198.7696533203125 245.70916748046875 54.90924835205078 
v 194.7777862548828 189.28146362304688 54.90928268432617 
v 198.7696533203125 194.3050994873047 54.909278869628906 
v 222.62266540527344 189.28146362304688 54.87925720214844 
v 218.6307830810547 194.3050994873047 54.87925720214844 
v 222.62266540527344 250.73281860351562 54.87921905517578 
v 218.6307830810547 245.70916748046875 54.87922286987305 
v 222.62266540527344 250.73281860351562 54.87921905517578 
v 218.6307830810547 245.70916748046875 54.87922286987305 
v 194.7777862548828 250.73281860351562 54.909244537353516 
v 198.7696533203125 245.70916748046875 54.90924835205078 
v 219.68710327148438 204.5696258544922 66.73885345458984 
v 219.68710327148438 200.5235595703125 71.0623550415039 
v 222.62266540527344 204.5696258544922 66.73885345458984 
v 222.63494873046875 203.21189880371094 68.18002319335938 
v 222.63494873046875 200.5235595703125 71.03233337402344 
v 222.63494873046875 203.21189880371094 68.18002319335938 
v 222.62266540527344 189.28146362304688 54.87925720214844 
v 222.62266540527344 204.5696258544922 66.73885345458984 
v 222.62266540527344 209.59327697753906 63.5562744140625 
v 222.62266540527344 215.2143096923828 61.724788665771484 
v 222.62266540527344 221.13406372070312 61.33446502685547 
v 222.62266540527344 250.73281860351562 54.87921905517578 
v 222.62266540527344 226.97235107421875 62.44536209106445 
v 222.62266540527344 232.3218536376953 64.96739959716797 
v 222.63494873046875 236.8838653564453 68.7504653930664 
v 222.65951538085938 209.59329223632812 106.34092712402344 
v 222.65951538085938 215.21434020996094 108.17240905761719 
v 222.65951538085938 189.281494140625 116.30901336669922 
v 222.65951538085938 250.73284912109375 116.30897521972656 
v 222.65951538085938 204.5696563720703 103.15835571289062 
v 222.64723205566406 200.52359008789062 98.83485412597656 
v 222.64723205566406 197.6723175048828 93.6406478881836 
v 222.64723205566406 196.17880249023438 87.906005859375 
v 222.62266540527344 189.28146362304688 54.87925720214844 
v 222.63494873046875 196.17880249023438 81.9912109375 
v 222.63494873046875 197.6723175048828 76.2265396118164 
v 222.63494873046875 200.5235595703125 71.03233337402344 
v 222.63494873046875 203.21189880371094 68.18002319335938 
v 222.65951538085938 221.13409423828125 108.5627212524414 
v 222.65951538085938 226.97238159179688 107.45181274414062 
v 222.65951538085938 232.32188415527344 104.89974975585938 
v 222.64723205566406 236.88388061523438 101.1467056274414 
v 222.64723205566406 240.38685607910156 96.34281158447266 
v 222.64723205566406 242.55923461914062 90.8183364868164 
v 222.62266540527344 250.73281860351562 54.87921905517578 
v 222.63494873046875 243.2924041748047 84.9335708618164 
v 222.63494873046875 242.55921936035156 79.07882690429688 
v 222.63494873046875 240.3868408203125 73.55435180664062 
v 222.63494873046875 236.8838653564453 68.7504653930664 
v 222.65951538085938 189.281494140625 116.30901336669922 
v 194.81463623046875 189.281494140625 116.33903503417969 
v 220.4731903076172 192.21421813964844 116.30901336669922 
v 197.00094604492188 192.21421813964844 116.33903503417969 
v 217.12001037597656 192.21421813964844 116.30901336669922 
v 213.76683044433594 192.21421813964844 116.33903503417969 
v 210.41366577148438 192.21421813964844 116.33903503417969 
v 207.06048583984375 192.21421813964844 116.33903503417969 
v 200.3541259765625 192.21421813964844 116.33903503417969 
v 203.70730590820312 192.21421813964844 116.33903503417969 
v 220.4731903076172 247.8001251220703 116.30897521972656 
v 222.65951538085938 250.73284912109375 116.30897521972656 
v 217.12001037597656 247.8001251220703 116.30897521972656 
v 213.76683044433594 247.8001251220703 116.33900451660156 
v 210.41366577148438 247.8001251220703 116.33900451660156 
v 207.06048583984375 247.8001251220703 116.33900451660156 
v 203.70730590820312 247.8001251220703 116.33900451660156 
v 200.3541259765625 247.8001251220703 116.33900451660156 
v 197.00094604492188 247.8001251220703 116.33900451660156 
v 194.81463623046875 250.73284912109375 116.33899688720703 
vn -2.068231052255163e-15 -0.009999994188547134 6.188972445642094e-9 
vn -2.068231052255163e-15 -0.009999994188547134 6.188972445642094e-9 
vn -2.068231052255163e-15 -0.009999994188547134 6.188972445642094e-9 
vn -2.068231052255163e-15 -0.009999994188547134 6.188972445642094e-9 
vn -1.0340537986015504e-15 -0.0001092387392418459 -0.009999397210776806 
vn -1.0340537986015504e-15 -0.0001092387392418459 -0.009999397210776806 
vn -1.0340537986015504e-15 -0.0001092387392418459 -0.009999397210776806 
vn -1.0340537986015504e-15 -0.0001092387392418459 -0.009999397210776806 
vn -1.033994612174361e-15 0.0001529164583189413 -0.009998824447393417 
vn -1.033994612174361e-15 0.0001529164583189413 -0.009998824447393417 
vn -1.033994612174361e-15 0.0001529164583189413 -0.009998824447393417 
vn -1.033994612174361e-15 0.0001529164583189413 -0.009998824447393417 
vn 0 0.009999994188547134 -6.188972445642094e-9 
vn 0 0.009999994188547134 -6.188972445642094e-9 
vn 0 0.009999994188547134 -6.188972445642094e-9 
vn 0 0.009999994188547134 -6.188972445642094e-9 
vn 0.009999976493418217 0.000021846928575541824 -1.3521011567318997e-11 
vn 0.009999976493418217 0.000021846928575541824 -1.3521011567318997e-11 
vn 0.009999976493418217 0.000021846928575541824 -1.3521011567318997e-11 
vn 0.009999976493418217 0.000021846928575541824 -1.3521011567318997e-11 
vn -0.009999976493418217 0.000021846928575541824 -1.3518943776935632e-11 
vn -0.009999976493418217 0.000021846928575541824 -1.3518943776935632e-11 
vn -0.009999976493418217 0.000021846928575541824 -1.3518943776935632e-11 
vn -0.009999976493418217 0.000021846928575541824 -1.3518943776935632e-11 
vn -2.068231052255163e-15 -0.009999994188547134 6.188972445642094e-9 
vn -2.068231052255163e-15 -0.009999994188547134 6.188972445642094e-9 
vn -2.068231052255163e-15 -0.009999994188547134 6.188972445642094e-9 
vn -2.068231052255163e-15 -0.009999994188547134 6.188972445642094e-9 
vn 0.00007551816088380292 0.000021853116777492687 0.009999684989452362 
vn 0.00007551816088380292 0.000021853116777492687 0.009999684989452362 
vn 0.00007551816088380292 0.000021853116777492687 0.009999684989452362 
vn 0.00007551816088380292 0.000021853116777492687 0.009999684989452362 
vn 3.0978391984330493e-15 -0.0000655341791571118 0.009999779053032398 
vn 3.0978391984330493e-15 -0.0000655341791571118 0.009999779053032398 
vn 3.0978391984330493e-15 -0.0000655341791571118 0.009999779053032398 
vn 3.0978391984330493e-15 -0.0000655341791571118 0.009999779053032398 
vn 3.0977208255786705e-15 0.0001092387392418459 0.009999397210776806 
vn 3.0977208255786705e-15 0.0001092387392418459 0.009999397210776806 
vn 3.0977208255786705e-15 0.0001092387392418459 0.009999397210776806 
vn 3.0977208255786705e-15 0.0001092387392418459 0.009999397210776806 
vn 0 0.009999994188547134 -6.188972445642094e-9 
vn 0 0.009999994188547134 -6.188972445642094e-9 
vn 0 0.009999994188547134 -6.188972445642094e-9 
vn 0 0.009999994188547134 -6.188972445642094e-9 
vn -0.009999976493418217 -0.000021846928575541824 1.3523080225064099e-11 
vn -0.009999976493418217 -0.000021846928575541824 1.3523080225064099e-11 
vn -0.009999976493418217 -0.000021846928575541824 1.3523080225064099e-11 
vn -0.009999976493418217 -0.000021846928575541824 1.3523080225064099e-11 
vn 2.068231052255163e-15 -0.009999994188547134 6.188972445642094e-9 
vn 2.068231052255163e-15 -0.009999994188547134 6.188972445642094e-9 
vn 2.068231052255163e-15 -0.009999994188547134 6.188972445642094e-9 
vn 2.068231052255163e-15 -0.009999994188547134 6.188972445642094e-9 
vn 3.097898490739357e-15 0.000021853116777492687 0.009999969974160194 
vn 3.097898490739357e-15 0.000021853116777492687 0.009999969974160194 
vn 3.097898490739357e-15 0.000021853116777492687 0.009999969974160194 
vn 3.097898490739357e-15 0.000021853116777492687 0.009999969974160194 
vn 3.0978391984330493e-15 -0.0000655341791571118 0.009999779053032398 
vn 3.0978391984330493e-15 -0.0000655341791571118 0.009999779053032398 
vn 3.0978391984330493e-15 -0.0000655341791571118 0.009999779053032398 
vn 3.0978391984330493e-15 -0.0000655341791571118 0.009999779053032398 
vn 3.0977208255786705e-15 0.0001092387392418459 0.009999397210776806 
vn 3.0977208255786705e-15 0.0001092387392418459 0.009999397210776806 
vn 3.0977208255786705e-15 0.0001092387392418459 0.009999397210776806 
vn 3.0977208255786705e-15 0.0001092387392418459 0.009999397210776806 
vn 0 0.009999994188547134 -6.188972445642094e-9 
vn 0 0.009999994188547134 -6.188972445642094e-9 
vn 0 0.009999994188547134 -6.188972445642094e-9 
vn 0 0.009999994188547134 -6.188972445642094e-9 
vn 0.009999976493418217 0.000021846928575541824 -1.3521011567318997e-11 
vn 0.009999976493418217 0.000021846928575541824 -1.3521011567318997e-11 
vn 0.009999976493418217 0.000021846928575541824 -1.3521011567318997e-11 
vn 0.009999976493418217 0.000021846928575541824 -1.3521011567318997e-11 
vn -0.00015103199984878302 0.00002184074037359096 -0.00999882910400629 
vn -0.00015103199984878302 0.00002184074037359096 -0.00999882910400629 
vn -0.00015103199984878302 0.00002184074037359096 -0.00999882910400629 
vn -0.00015103199984878302 0.00002184074037359096 -0.00999882910400629 
vn 0 0.009999994188547134 -6.188972445642094e-9 
vn 0 0.009999994188547134 -6.188972445642094e-9 
vn 0 0.009999994188547134 -6.188972445642094e-9 
vn 0 0.009999994188547134 -6.188972445642094e-9 
vn -1.033994612174361e-15 0.0001529164583189413 -0.009998824447393417 
vn -1.033994612174361e-15 0.0001529164583189413 -0.009998824447393417 
vn -1.033994612174361e-15 0.0001529164583189413 -0.009998824447393417 
vn -1.033994612174361e-15 0.0001529164583189413 -0.009998824447393417 
vn -1.033994612174361e-15 -0.00015292884199880064 -0.009998824447393417 
vn -1.033994612174361e-15 -0.00015292884199880064 -0.009998824447393417 
vn -1.033994612174361e-15 -0.00015292884199880064 -0.009998824447393417 
vn -1.033994612174361e-15 -0.00015292884199880064 -0.009998824447393417 
vn 0.00015103199984878302 0.00002184074037359096 -0.00999882910400629 
vn 0.00015103199984878302 0.00002184074037359096 -0.00999882910400629 
vn 0.00015103199984878302 0.00002184074037359096 -0.00999882910400629 
vn 0.00015103199984878302 0.00002184074037359096 -0.00999882910400629 
vn -0.009999976493418217 0.000021846928575541824 -1.3518943776935632e-11 
vn -0.009999976493418217 0.000021846928575541824 -1.3518943776935632e-11 
vn -0.009999976493418217 0.000021846928575541824 -1.3518943776935632e-11 
vn -0.009999976493418217 0.000021846928575541824 -1.3518943776935632e-11 
vn -2.068231052255163e-15 -0.009999994188547134 6.188972445642094e-9 
vn -2.068231052255163e-15 -0.009999994188547134 6.188972445642094e-9 
vn -2.068231052255163e-15 -0.009999994188547134 6.188972445642094e-9 
vn -2.068231052255163e-15 -0.009999994188547134 6.188972445642094e-9 
vn 0.009999976493418217 0.000021846928575541824 -1.3521011567318997e-11 
vn 0.009999976493418217 0.000021846928575541824 -1.3521011567318997e-11 
vn 0.009999976493418217 0.000021846928575541824 -1.3521011567318997e-11 
vn 0.009999976493418217 0.000021846928575541824 -1.3521011567318997e-11 
vn 0.00007551816088380292 0.000021840738554601558 -0.009999684989452362 
vn 0.00007551816088380292 0.000021840738554601558 -0.009999684989452362 
vn 0.00007551816088380292 0.000021840738554601558 -0.009999684989452362 
vn 0.00007551816088380292 0.000021840738554601558 -0.009999684989452362 
vn 0.00007551816088380292 0.000021840738554601558 -0.009999684989452362 
vn -0.00007551816088380292 0.000021840738554601558 -0.009999684989452362 
vn -0.00007551816088380292 0.000021840738554601558 -0.009999684989452362 
vn -0.00007551816088380292 0.000021840738554601558 -0.009999684989452362 
vn -0.00007551816088380292 0.000021840738554601558 -0.009999684989452362 
vn -0.00007551816088380292 0.000021840738554601558 -0.009999684989452362 
vn -0.00007551816088380292 0.000021853116777492687 0.009999684989452362 
vn -0.00007551816088380292 0.000021853116777492687 0.009999684989452362 
vn -0.00007551816088380292 0.000021853116777492687 0.009999684989452362 
vn -0.00007551816088380292 0.000021853116777492687 0.009999684989452362 
vn -0.00007551816088380292 0.000021853116777492687 0.009999684989452362 
vn 0.00007551816088380292 -0.000021840738554601558 0.009999684989452362 
vn 0.00007551816088380292 -0.000021840738554601558 0.009999684989452362 
vn 0.00007551816088380292 -0.000021840738554601558 0.009999684989452362 
vn 0.00007551816088380292 -0.000021840738554601558 0.009999684989452362 
vn 0.00007551816088380292 -0.000021840738554601558 0.009999684989452362 
vn 3.0917856657172596e-15 -0.0009815235389396548 0.009951707907021046 
vn 3.0917856657172596e-15 -0.0009815235389396548 0.009951707907021046 
vn 3.0917856657172596e-15 -0.0009815235389396548 0.009951707907021046 
vn 3.0917856657172596e-15 -0.0009815235389396548 0.009951707907021046 
vn 0.009995967149734497 -0.0002839720982592553 1.7574966482136745e-10 
vn 0.009995967149734497 -0.0002839720982592553 1.7574966482136745e-10 
vn 0.009995967149734497 -0.0002839720982592553 1.7574966482136745e-10 
vn 0.009995967149734497 -0.0002839720982592553 1.7574966482136745e-10 
vn -2.068231052255163e-15 -0.009999994188547134 6.188972445642094e-9 
vn -2.068231052255163e-15 -0.009999994188547134 6.188972445642094e-9 
vn -2.068231052255163e-15 -0.009999994188547134 6.188972445642094e-9 
vn -2.068231052255163e-15 -0.009999994188547134 6.188972445642094e-9 
vn -2.068231052255163e-15 -0.009999994188547134 6.188972445642094e-9 
vn -2.068231052255163e-15 -0.009999994188547134 6.188972445642094e-9 
vn -0.009995967149734497 -0.0002839720982592553 1.757517326117508e-10 
vn -0.009995967149734497 -0.0002839720982592553 1.757517326117508e-10 
vn -0.009995967149734497 -0.0002839720982592553 1.757517326117508e-10 
vn -0.009995967149734497 -0.0002839720982592553 1.757517326117508e-10 
vn -1.029122161024399e-15 -0.0009815357625484467 -0.009951706044375896 
vn -1.029122161024399e-15 -0.0009815357625484467 -0.009951706044375896 
vn -1.029122161024399e-15 -0.0009815357625484467 -0.009951706044375896 
vn -1.029122161024399e-15 -0.0009815357625484467 -0.009951706044375896 
vn -0.007052088156342506 -0.0008509959443472326 0.00703873485326767 
vn -0.007052088156342506 -0.0008509959443472326 0.00703873485326767 
vn -0.007052088156342506 -0.0008509959443472326 0.00703873485326767 
vn -0.007052088156342506 -0.0008509959443472326 0.00703873485326767 
vn -0.007052088156342506 -0.0008510046754963696 -0.007038733921945095 
vn -0.007052088156342506 -0.0008510046754963696 -0.007038733921945095 
vn -0.007052088156342506 -0.0008510046754963696 -0.007038733921945095 
vn -0.007052088156342506 -0.0008510046754963696 -0.007038733921945095 
vn 0.007025363855063915 -0.0008510046754963696 -0.007065407931804657 
vn 0.007025363855063915 -0.0008510046754963696 -0.007065407931804657 
vn 0.007025363855063915 -0.0008510046754963696 -0.007065407931804657 
vn 0.007025363855063915 -0.0008510046754963696 -0.007065407931804657 
vn 0.007078711874783039 -0.0008509960025548935 0.007011959794908762 
vn 0.007078711874783039 -0.0008509960025548935 0.007011959794908762 
vn 0.007078711874783039 -0.0008509960025548935 0.007011959794908762 
vn 0.007078711874783039 -0.0008509960025548935 0.007011959794908762 
vn -1.0341130909078582e-15 0.000021840738554601558 -0.009999969974160194 
vn -1.0341130909078582e-15 0.000021840738554601558 -0.009999969974160194 
vn -1.0341130909078582e-15 0.000021840738554601558 -0.009999969974160194 
vn -1.0341130909078582e-15 0.000021840738554601558 -0.009999969974160194 
vn -2.068231052255163e-15 -0.009999994188547134 6.188972445642094e-9 
vn -2.068231052255163e-15 -0.009999994188547134 6.188972445642094e-9 
vn -2.068231052255163e-15 -0.009999994188547134 6.188972445642094e-9 
vn -2.068231052255163e-15 -0.009999994188547134 6.188972445642094e-9 
vn 2.068231052255163e-15 -0.009999994188547134 6.188972445642094e-9 
vn 2.068231052255163e-15 -0.009999994188547134 6.188972445642094e-9 
vn 2.068231052255163e-15 -0.009999994188547134 6.188972445642094e-9 
vn 2.068231052255163e-15 -0.009999994188547134 6.188972445642094e-9 
vn 2.068231052255163e-15 -0.009999994188547134 6.188972445642094e-9 
vn 2.068231052255163e-15 -0.009999994188547134 6.188972445642094e-9 
vn 2.068231052255163e-15 -0.009999994188547134 6.188972445642094e-9 
vn 2.068231052255163e-15 -0.009999994188547134 6.188972445642094e-9 
vn 2.068231052255163e-15 -0.009999994188547134 6.188972445642094e-9 
vn 2.068231052255163e-15 -0.009999994188547134 6.188972445642094e-9 
vn 2.068231052255163e-15 -0.009999994188547134 6.188972445642094e-9 
vn 2.068231052255163e-15 -0.009999994188547134 6.188972445642094e-9 
vn -2.068231052255163e-15 -0.009999994188547134 6.188972445642094e-9 
vn -2.068231052255163e-15 -0.009999994188547134 6.188972445642094e-9 
vn -2.068231052255163e-15 -0.009999994188547134 6.188972445642094e-9 
vn -2.068231052255163e-15 -0.009999994188547134 6.188972445642094e-9 
vn -2.068231052255163e-15 -0.009999994188547134 6.188972445642094e-9 
vn -2.068231052255163e-15 -0.009999994188547134 6.188972445642094e-9 
vn -2.068231052255163e-15 -0.009999994188547134 6.188972445642094e-9 
vn -2.068231052255163e-15 -0.009999994188547134 6.188972445642094e-9 
vn -8.801309714264989e-16 -0.0052501121535897255 -0.008510946296155453 
vn -8.801309714264989e-16 -0.0052501121535897255 -0.008510946296155453 
vn -8.801309714264989e-16 -0.0052501121535897255 -0.008510946296155453 
vn -8.801309714264989e-16 -0.0052501121535897255 -0.008510946296155453 
vn 3.097898490739357e-15 0.000021853116777492687 0.009999969974160194 
vn 3.097898490739357e-15 0.000021853116777492687 0.009999969974160194 
vn 3.097898490739357e-15 0.000021853116777492687 0.009999969974160194 
vn 3.097898490739357e-15 0.000021853116777492687 0.009999969974160194 
vn 0.007071050815284252 0.000021851305064046755 0.007071046624332666 
vn 0.007071050815284252 0.000021851305064046755 0.007071046624332666 
vn 0.007071050815284252 0.000021851305064046755 0.007071046624332666 
vn 0.007071050815284252 0.000021851305064046755 0.007071046624332666 
vn -0.007071050815284252 0.000021842552087036893 -0.007071046624332666 
vn -0.007071050815284252 0.000021842552087036893 -0.007071046624332666 
vn -0.007071050815284252 0.000021842552087036893 -0.007071046624332666 
vn -0.007071050815284252 0.000021842552087036893 -0.007071046624332666 
vn 0.009999976493418217 0.000021846928575541824 -1.3521011567318997e-11 
vn 0.009999976493418217 0.000021846928575541824 -1.3521011567318997e-11 
vn 0.009999976493418217 0.000021846928575541824 -1.3521011567318997e-11 
vn 0.009999976493418217 0.000021846928575541824 -1.3521011567318997e-11 
vn -0.009999976493418217 0.000021846928575541824 -1.3518943776935632e-11 
vn -0.009999976493418217 0.000021846928575541824 -1.3518943776935632e-11 
vn -0.009999976493418217 0.000021846928575541824 -1.3518943776935632e-11 
vn -0.009999976493418217 0.000021846928575541824 -1.3518943776935632e-11 
vn 0.007071050815284252 0.000021842552087036893 -0.007071046624332666 
vn 0.007071050815284252 0.000021842552087036893 -0.007071046624332666 
vn 0.007071050815284252 0.000021842552087036893 -0.007071046624332666 
vn 0.007071050815284252 0.000021842552087036893 -0.007071046624332666 
vn -0.007071050815284252 0.000021851305064046755 0.007071046624332666 
vn -0.007071050815284252 0.000021851305064046755 0.007071046624332666 
vn -0.007071050815284252 0.000021851305064046755 0.007071046624332666 
vn -0.007071050815284252 0.000021851305064046755 0.007071046624332666 
vn -0.009999976493418217 0.000021846928575541824 -1.3518943776935632e-11 
vn -0.009999976493418217 0.000021846928575541824 -1.3518943776935632e-11 
vn -0.009999976493418217 0.000021846928575541824 -1.3518943776935632e-11 
vn -0.009999976493418217 0.000021846928575541824 -1.3518943776935632e-11 
vn 0 0.009999994188547134 -6.188972445642094e-9 
vn 0 0.009999994188547134 -6.188972445642094e-9 
vn 0 0.009999994188547134 -6.188972445642094e-9 
vn 0 0.009999994188547134 -6.188972445642094e-9 
vn -0.005665992386639118 0.006007870193570852 0.00563932117074728 
vn -0.005665992386639118 0.006007870193570852 0.00563932117074728 
vn -0.005665992386639118 0.006007870193570852 0.00563932117074728 
vn -0.005665992386639118 0.006007870193570852 0.00563932117074728 
vn 0 0.009999994188547134 -6.188972445642094e-9 
vn 0 0.009999994188547134 -6.188972445642094e-9 
vn 0 0.009999994188547134 -6.188972445642094e-9 
vn 0 0.009999994188547134 -6.188972445642094e-9 
vn -0.00519371684640646 -0.0030319381039589643 -0.007989528588950634 
vn -0.00519371684640646 -0.0030319381039589643 -0.007989528588950634 
vn -0.00519371684640646 -0.0030319381039589643 -0.007989528588950634 
vn -0.00519371684640646 -0.0030319381039589643 -0.007989528588950634 
vn 0.008533813059329987 -0.005212869495153427 3.2262323923504255e-9 
vn 0.008533813059329987 -0.005212869495153427 3.2262323923504255e-9 
vn 0.008533813059329987 -0.005212869495153427 3.2262323923504255e-9 
vn 0.008533813059329987 -0.005212869495153427 3.2262323923504255e-9 
vn 0 0.009999994188547134 -6.188972445642094e-9 
vn 0 0.009999994188547134 -6.188972445642094e-9 
vn 0 0.009999994188547134 -6.188972445642094e-9 
vn 0 0.009999994188547134 -6.188972445642094e-9 
vn 0.005665992386639118 0.006007870193570852 0.00563932117074728 
vn 0.005665992386639118 0.006007870193570852 0.00563932117074728 
vn 0.005665992386639118 0.006007870193570852 0.00563932117074728 
vn 0.005665992386639118 0.006007870193570852 0.00563932117074728 
vn -0.007071050815284252 0.000021851305064046755 0.007071046624332666 
vn -0.007071050815284252 0.000021851305064046755 0.007071046624332666 
vn -0.007071050815284252 0.000021851305064046755 0.007071046624332666 
vn -0.007071050815284252 0.000021851305064046755 0.007071046624332666 
vn 0.007071050815284252 0.000021842552087036893 -0.007071046624332666 
vn 0.007071050815284252 0.000021842552087036893 -0.007071046624332666 
vn 0.007071050815284252 0.000021842552087036893 -0.007071046624332666 
vn 0.007071050815284252 0.000021842552087036893 -0.007071046624332666 
vn 3.097898490739357e-15 0.000021853116777492687 0.009999969974160194 
vn 3.097898490739357e-15 0.000021853116777492687 0.009999969974160194 
vn 3.097898490739357e-15 0.000021853116777492687 0.009999969974160194 
vn 3.097898490739357e-15 0.000021853116777492687 0.009999969974160194 
vn -1.0341130909078582e-15 0.000021840738554601558 -0.009999969974160194 
vn -1.0341130909078582e-15 0.000021840738554601558 -0.009999969974160194 
vn -1.0341130909078582e-15 0.000021840738554601558 -0.009999969974160194 
vn -1.0341130909078582e-15 0.000021840738554601558 -0.009999969974160194 
vn -0.007071050815284252 0.000021842552087036893 -0.007071046624332666 
vn -0.007071050815284252 0.000021842552087036893 -0.007071046624332666 
vn -0.007071050815284252 0.000021842552087036893 -0.007071046624332666 
vn -0.007071050815284252 0.000021842552087036893 -0.007071046624332666 
vn 0.007071050815284252 0.000021851305064046755 0.007071046624332666 
vn 0.007071050815284252 0.000021851305064046755 0.007071046624332666 
vn 0.007071050815284252 0.000021851305064046755 0.007071046624332666 
vn 0.007071050815284252 0.000021851305064046755 0.007071046624332666 
vn 0.00563491927459836 0.008261210285127163 -5.112843481924756e-9 
vn 0.00563491927459836 0.008261210285127163 -5.112843481924756e-9 
vn 0.00563491927459836 0.008261210285127163 -5.112843481924756e-9 
vn 0.00563491927459836 0.008261210285127163 -5.112843481924756e-9 
vn 0.0034187105484306812 0.008763900958001614 -0.003392100566998124 
vn 0.0034187105484306812 0.008763900958001614 -0.003392100566998124 
vn 0.0034187105484306812 0.008763900958001614 -0.003392100566998124 
vn 0.0034187105484306812 0.008763900958001614 -0.003392100566998124 
vn -0.00003766487498069182 0.008261207491159439 -0.005634795408695936 
vn -0.00003766487498069182 0.008261207491159439 -0.005634795408695936 
vn -0.00003766487498069182 0.008261207491159439 -0.005634795408695936 
vn -0.00003766487498069182 0.008261207491159439 -0.005634795408695936 
vn -0.0034187105484306812 0.008763900958001614 -0.003392100566998124 
vn -0.0034187105484306812 0.008763900958001614 -0.003392100566998124 
vn -0.0034187105484306812 0.008763900958001614 -0.003392100566998124 
vn -0.0034187105484306812 0.008763900958001614 -0.003392100566998124 
vn -0.00563491927459836 0.008261210285127163 -5.112842593746336e-9 
vn -0.00563491927459836 0.008261210285127163 -5.112842593746336e-9 
vn -0.00563491927459836 0.008261210285127163 -5.112842593746336e-9 
vn -0.00563491927459836 0.008261210285127163 -5.112842593746336e-9 
vn -0.00855642557144165 0.005175531841814518 0.0000376980024157092 
vn -0.00855642557144165 0.005175531841814518 0.0000376980024157092 
vn -0.00855642557144165 0.005175531841814518 0.0000376980024157092 
vn -0.00855642557144165 0.005175531841814518 0.0000376980024157092 
vn 0.005162023939192295 -0.0030319381039589643 -0.008010041899979115 
vn 0.005162023939192295 -0.0030319381039589643 -0.008010041899979115 
vn 0.005162023939192295 -0.0030319381039589643 -0.008010041899979115 
vn 0.005162023939192295 -0.0030319381039589643 -0.008010041899979115 
vn -0.008533813059329987 -0.005212869495153427 3.226234168707265e-9 
vn -0.008533813059329987 -0.005212869495153427 3.226234168707265e-9 
vn -0.008533813059329987 -0.005212869495153427 3.226234168707265e-9 
vn -0.008533813059329987 -0.005212869495153427 3.226234168707265e-9 
vn -0.000018853545043384656 0.0052128746174275875 0.008533783257007599 
vn -0.000018853545043384656 0.0052128746174275875 0.008533783257007599 
vn -0.000018853545043384656 0.0052128746174275875 0.008533783257007599 
vn -0.000018853545043384656 0.0052128746174275875 0.008533783257007599 
vn -0.0056420015171170235 -0.006077498663216829 -0.005588536616414785 
vn -0.0056420015171170235 -0.006077498663216829 -0.005588536616414785 
vn -0.0056420015171170235 -0.006077498663216829 -0.005588536616414785 
vn -0.0056420015171170235 -0.006077498663216829 -0.005588536616414785 
vn 0.0056420015171170235 -0.006077498663216829 -0.005588536616414785 
vn 0.0056420015171170235 -0.006077498663216829 -0.005588536616414785 
vn 0.0056420015171170235 -0.006077498663216829 -0.005588536616414785 
vn 0.0056420015171170235 -0.006077498663216829 -0.005588536616414785 
vn 0.008556508459150791 0.005175531841814518 -3.2031244323604824e-9 
vn 0.008556508459150791 0.005175531841814518 -3.2031244323604824e-9 
vn 0.008556508459150791 0.005175531841814518 -3.2031244323604824e-9 
vn 0.008556508459150791 0.005175531841814518 -3.2031244323604824e-9 
vn 0.00001889149280032143 -0.007424621842801571 -0.006698844023048878 
vn 0.00001889149280032143 -0.007424621842801571 -0.006698844023048878 
vn 0.00001889149280032143 -0.007424621842801571 -0.006698844023048878 
vn 0.00001889149280032143 -0.007424621842801571 -0.006698844023048878 
vn -2.068231052255163e-15 -0.009999994188547134 6.188972445642094e-9 
vn -2.068231052255163e-15 -0.009999994188547134 6.188972445642094e-9 
vn -2.068231052255163e-15 -0.009999994188547134 6.188972445642094e-9 
vn -2.068231052255163e-15 -0.009999994188547134 6.188972445642094e-9 
vn -2.068231052255163e-15 -0.009999994188547134 6.188972445642094e-9 
vn -2.068231052255163e-15 -0.009999994188547134 6.188972445642094e-9 
vn -2.068231052255163e-15 -0.009999994188547134 6.188972445642094e-9 
vn -2.068231052255163e-15 -0.009999994188547134 6.188972445642094e-9 
vn -2.068231052255163e-15 -0.009999994188547134 6.188972445642094e-9 
vn -2.068231052255163e-15 -0.009999994188547134 6.188972445642094e-9 
vn -2.068231052255163e-15 -0.009999994188547134 6.188972445642094e-9 
vn -2.068231052255163e-15 -0.009999994188547134 6.188972445642094e-9 
vn -2.068231052255163e-15 -0.009999994188547134 6.188972445642094e-9 
vn -2.068231052255163e-15 -0.009999994188547134 6.188972445642094e-9 
vn 0 0.009999994188547134 -6.188972445642094e-9 
vn 0 0.009999994188547134 -6.188972445642094e-9 
vn 0 0.009999994188547134 -6.188972445642094e-9 
vn 0 0.009999994188547134 -6.188972445642094e-9 
vn 0 0.009999994188547134 -6.188972445642094e-9 
vn 0 0.009999994188547134 -6.188972445642094e-9 
vn 0.009999976493418217 -0.000021846928575541824 1.3521011567318997e-11 
vn 0.009999976493418217 -0.000021846928575541824 1.3521011567318997e-11 
vn 0.009999976493418217 -0.000021846928575541824 1.3521011567318997e-11 
vn 0.009999976493418217 -0.000021846928575541824 1.3521011567318997e-11 
vn -0.000018551399989519268 0.009919821284711361 0.0012635925086215138 
vn -0.000018551399989519268 0.009919821284711361 0.0012635925086215138 
vn -0.000018551399989519268 0.009919821284711361 0.0012635925086215138 
vn -0.000018551399989519268 0.009919821284711361 0.0012635925086215138 
vn -0.000018777163859340362 0.009302257560193539 0.00366981141269207 
vn -0.000018777163859340362 0.009302257560193539 0.00366981141269207 
vn -0.000018777163859340362 0.009302257560193539 0.00366981141269207 
vn -0.000018777163859340362 0.009302257560193539 0.00366981141269207 
vn -0.000018826875020749867 0.008085029199719429 0.005884881131350994 
vn -0.000018826875020749867 0.008085029199719429 0.005884881131350994 
vn -0.000018826875020749867 0.008085029199719429 0.005884881131350994 
vn -0.000018826875020749867 0.008085029199719429 0.005884881131350994 
vn 0.000018859858755604364 0.006385007873177528 0.007696180604398251 
vn 0.000018859858755604364 0.006385007873177528 0.007696180604398251 
vn 0.000018859858755604364 0.006385007873177528 0.007696180604398251 
vn 0.000018859858755604364 0.006385007873177528 0.007696180604398251 
vn 0.0000377125215891283 0.004251468926668167 0.009051158092916012 
vn 0.0000377125215891283 0.004251468926668167 0.009051158092916012 
vn 0.0000377125215891283 0.004251468926668167 0.009051158092916012 
vn 0.0000377125215891283 0.004251468926668167 0.009051158092916012 
vn 0.000018880138668464497 0.0018892670050263405 0.009819887578487396 
vn 0.000018880138668464497 0.0018892670050263405 0.009819887578487396 
vn 0.000018880138668464497 0.0018892670050263405 0.009819887578487396 
vn 0.000018880138668464497 0.0018892670050263405 0.009819887578487396 
vn -0.0000188645462912973 -0.000633131479844451 0.009979913011193275 
vn -0.0000188645462912973 -0.000633131479844451 0.009979913011193275 
vn -0.0000188645462912973 -0.000633131479844451 0.009979913011193275 
vn -0.0000188645462912973 -0.000633131479844451 0.009979913011193275 
vn 2.947951847976954e-15 -0.0030735351610928774 0.009515947662293911 
vn 2.947951847976954e-15 -0.0030735351610928774 0.009515947662293911 
vn 2.947951847976954e-15 -0.0030735351610928774 0.009515947662293911 
vn 2.947951847976954e-15 -0.0030735351610928774 0.009515947662293911 
vn 0.00003777687743422575 -0.0053612105548381805 0.008441319689154625 
vn 0.00003777687743422575 -0.0053612105548381805 0.008441319689154625 
vn 0.00003777687743422575 -0.0053612105548381805 0.008441319689154625 
vn 0.00003777687743422575 -0.0053612105548381805 0.008441319689154625 
vn 1.4919530336236471e-15 -0.008763900026679039 0.004816007800400257 
vn 1.4919530336236471e-15 -0.008763900026679039 0.004816007800400257 
vn 1.4919530336236471e-15 -0.008763900026679039 0.004816007800400257 
vn 1.4919530336236471e-15 -0.008763900026679039 0.004816007800400257 
vn 7.767093073579329e-16 -0.009680586867034435 0.002507212106138468 
vn 7.767093073579329e-16 -0.009680586867034435 0.002507212106138468 
vn 7.767093073579329e-16 -0.009680586867034435 0.002507212106138468 
vn 7.767093073579329e-16 -0.009680586867034435 0.002507212106138468 
vn -2.068231052255163e-15 -0.009999994188547134 6.188972445642094e-9 
vn -2.068231052255163e-15 -0.009999994188547134 6.188972445642094e-9 
vn -2.068231052255163e-15 -0.009999994188547134 6.188972445642094e-9 
vn -2.068231052255163e-15 -0.009999994188547134 6.188972445642094e-9 
vn -2.5927421758591997e-16 -0.009680590592324734 -0.0025072002317756414 
vn -2.5927421758591997e-16 -0.009680590592324734 -0.0025072002317756414 
vn -2.5927421758591997e-16 -0.009680590592324734 -0.0025072002317756414 
vn -2.5927421758591997e-16 -0.009680590592324734 -0.0025072002317756414 
vn -4.980305972718214e-16 -0.008763906545937061 -0.004815996624529362 
vn -4.980305972718214e-16 -0.008763906545937061 -0.004815996624529362 
vn -4.980305972718214e-16 -0.008763906545937061 -0.004815996624529362 
vn -4.980305972718214e-16 -0.008763906545937061 -0.004815996624529362 
vn -0.000037806246837135404 -0.007276512216776609 -0.006859359797090292 
vn -0.000037806246837135404 -0.007276512216776609 -0.006859359797090292 
vn -0.000037806246837135404 -0.007276512216776609 -0.006859359797090292 
vn -0.000037806246837135404 -0.007276512216776609 -0.006859359797090292 
vn -0.00003777687743422575 -0.005361220799386501 -0.008441313169896603 
vn -0.00003777687743422575 -0.005361220799386501 -0.008441313169896603 
vn -0.00003777687743422575 -0.005361220799386501 -0.008441313169896603 
vn -0.00003777687743422575 -0.005361220799386501 -0.008441313169896603 
vn -9.840592670766414e-16 -0.0030735470354557037 -0.009515943937003613 
vn -9.840592670766414e-16 -0.0030735470354557037 -0.009515943937003613 
vn -9.840592670766414e-16 -0.0030735470354557037 -0.009515943937003613 
vn -9.840592670766414e-16 -0.0030735470354557037 -0.009515943937003613 
vn -0.0000188645462912973 -0.0006331438198685646 -0.0099799120798707 
vn -0.0000188645462912973 -0.0006331438198685646 -0.0099799120798707 
vn -0.0000188645462912973 -0.0006331438198685646 -0.0099799120798707 
vn -0.0000188645462912973 -0.0006331438198685646 -0.0099799120798707 
vn 0.000018880138668464497 0.0018892547814175487 -0.00981989037245512 
vn 0.000018880138668464497 0.0018892547814175487 -0.00981989037245512 
vn 0.000018880138668464497 0.0018892547814175487 -0.00981989037245512 
vn 0.000018880138668464497 0.0018892547814175487 -0.00981989037245512 
vn -0.0000377125215891283 0.004251457750797272 -0.009051162749528885 
vn -0.0000377125215891283 0.004251457750797272 -0.009051162749528885 
vn -0.0000377125215891283 0.004251457750797272 -0.009051162749528885 
vn -0.0000377125215891283 0.004251457750797272 -0.009051162749528885 
vn 0.000018859858755604364 0.006384998094290495 -0.007696188520640135 
vn 0.000018859858755604364 0.006384998094290495 -0.007696188520640135 
vn 0.000018859858755604364 0.006384998094290495 -0.007696188520640135 
vn 0.000018859858755604364 0.006384998094290495 -0.007696188520640135 
vn -0.000018826875020749867 0.008085021749138832 -0.005884891375899315 
vn -0.000018826875020749867 0.008085021749138832 -0.005884891375899315 
vn -0.000018826875020749867 0.008085021749138832 -0.005884891375899315 
vn -0.000018826875020749867 0.008085021749138832 -0.005884891375899315 
vn -0.000018777163859340362 0.00930225383490324 -0.0036698230542242527 
vn -0.000018777163859340362 0.00930225383490324 -0.0036698230542242527 
vn -0.000018777163859340362 0.00930225383490324 -0.0036698230542242527 
vn -0.000018777163859340362 0.00930225383490324 -0.0036698230542242527 
vn -0.000018551399989519268 0.009919820353388786 -0.0012636047322303057 
vn -0.000018551399989519268 0.009919820353388786 -0.0012636047322303057 
vn -0.000018551399989519268 0.009919820353388786 -0.0012636047322303057 
vn -0.000018551399989519268 0.009919820353388786 -0.0012636047322303057 
vn 3.097898490739357e-15 0.000021853116777492687 0.009999969974160194 
vn 3.097898490739357e-15 0.000021853116777492687 0.009999969974160194 
vn 3.097898490739357e-15 0.000021853116777492687 0.009999969974160194 
vn 3.097898490739357e-15 0.000021853116777492687 0.009999969974160194 
vn 3.097898490739357e-15 -0.000021840738554601558 0.009999969974160194 
vn 3.097898490739357e-15 -0.000021840738554601558 0.009999969974160194 
vn 3.097898490739357e-15 -0.000021840738554601558 0.009999969974160194 
vn 3.097898490739357e-15 -0.000021840738554601558 0.009999969974160194 
vn 3.097898490739357e-15 0.000021853116777492687 0.009999969974160194 
vn 3.097898490739357e-15 0.000021853116777492687 0.009999969974160194 
vn 3.097898490739357e-15 0.000021853116777492687 0.009999969974160194 
vn 3.097898490739357e-15 0.000021853116777492687 0.009999969974160194 
vn 3.097898490739357e-15 0.000021853116777492687 0.009999969974160194 
vn 3.097898490739357e-15 0.000021853116777492687 0.009999969974160194 
vn 3.097898490739357e-15 0.000021853116777492687 0.009999969974160194 
vn 3.097898490739357e-15 0.000021853116777492687 0.009999969974160194 
vn 3.097898490739357e-15 0.000021853116777492687 0.009999969974160194 
vn 3.097898490739357e-15 0.000021853116777492687 0.009999969974160194 
vn 3.097898490739357e-15 0.000021853116777492687 0.009999969974160194 
vn 3.097898490739357e-15 0.000021853116777492687 0.009999969974160194 
vn 3.097898490739357e-15 0.000021853116777492687 0.009999969974160194 
vn 3.097898490739357e-15 0.000021853116777492687 0.009999969974160194 
vn 3.097898490739357e-15 0.000021853116777492687 0.009999969974160194 
vn 3.097898490739357e-15 0.000021853116777492687 0.009999969974160194 
vn 0 0.009999994188547134 -6.188972445642094e-9 
vn 0 0.009999994188547134 -6.188972445642094e-9 
vn 0 0.009999994188547134 -6.188972445642094e-9 
vn 0 0.009999994188547134 -6.188972445642094e-9 
vn -1.0341130909078582e-15 -0.000021853116777492687 -0.009999969974160194 
vn -1.0341130909078582e-15 -0.000021853116777492687 -0.009999969974160194 
vn -1.0341130909078582e-15 -0.000021853116777492687 -0.009999969974160194 
vn -1.0341130909078582e-15 -0.000021853116777492687 -0.009999969974160194 
vn 2.068231052255163e-15 -0.009999994188547134 6.188972445642094e-9 
vn 2.068231052255163e-15 -0.009999994188547134 6.188972445642094e-9 
vn 2.068231052255163e-15 -0.009999994188547134 6.188972445642094e-9 
vn 2.068231052255163e-15 -0.009999994188547134 6.188972445642094e-9 
vn -1.0341130909078582e-15 0.000021840738554601558 -0.009999969974160194 
vn -1.0341130909078582e-15 0.000021840738554601558 -0.009999969974160194 
vn -1.0341130909078582e-15 0.000021840738554601558 -0.009999969974160194 
vn -1.0341130909078582e-15 0.000021840738554601558 -0.009999969974160194 
vn -1.0341130909078582e-15 -0.000021853116777492687 -0.009999969974160194 
vn -1.0341130909078582e-15 -0.000021853116777492687 -0.009999969974160194 
vn -1.0341130909078582e-15 -0.000021853116777492687 -0.009999969974160194 
vn -1.0341130909078582e-15 -0.000021853116777492687 -0.009999969974160194 
vn -1.0341130909078582e-15 0.000021840738554601558 -0.009999969974160194 
vn -1.0341130909078582e-15 0.000021840738554601558 -0.009999969974160194 
vn -1.0341130909078582e-15 0.000021840738554601558 -0.009999969974160194 
vn -1.0341130909078582e-15 0.000021840738554601558 -0.009999969974160194 
vn 0.000037806246837135404 -0.007276503834873438 0.006859369110316038 
vn 0.000037806246837135404 -0.007276503834873438 0.006859369110316038 
vn 0.000037806246837135404 -0.007276503834873438 0.006859369110316038 
vn 0.000037806246837135404 -0.007276503834873438 0.006859369110316038 
vn 0.000037806246837135404 -0.007276503834873438 0.006859369110316038 
vn -0.009999976493418217 0.000021846928575541824 -1.3518943776935632e-11 
vn -0.009999976493418217 0.000021846928575541824 -1.3518943776935632e-11 
vn -0.009999976493418217 0.000021846928575541824 -1.3518943776935632e-11 
vn -0.009999976493418217 0.000021846928575541824 -1.3518943776935632e-11 
vn -0.009999976493418217 0.000021846928575541824 -1.3518943776935632e-11 
vn -0.009999976493418217 0.000021846928575541824 -1.3518943776935632e-11 
vn -0.009999976493418217 0.000021846928575541824 -1.3518943776935632e-11 
vn -0.009999976493418217 0.000021846928575541824 -1.3518943776935632e-11 
vn -0.009999976493418217 0.000021846928575541824 -1.3518943776935632e-11 
vn -0.009999976493418217 0.000021846928575541824 -1.3518943776935632e-11 
vn -0.009999976493418217 0.000021846928575541824 -1.3518943776935632e-11 
vn -0.009999976493418217 0.000021846928575541824 -1.3518943776935632e-11 
vn -0.009999976493418217 0.000021846928575541824 -1.3518943776935632e-11 
vn -0.009999976493418217 0.000021846928575541824 -1.3518943776935632e-11 
vn -0.009999976493418217 0.000021846928575541824 -1.3518943776935632e-11 
vn -0.009999976493418217 0.000021846928575541824 -1.3518943776935632e-11 
vn -0.009999976493418217 0.000021846928575541824 -1.3518943776935632e-11 
vn -0.009999976493418217 0.000021846928575541824 -1.3518943776935632e-11 
vn -0.009999976493418217 0.000021846928575541824 -1.3518943776935632e-11 
vn -0.009999976493418217 0.000021846928575541824 -1.3518943776935632e-11 
vn -0.009999976493418217 0.000021846928575541824 -1.3518943776935632e-11 
vn -0.009999976493418217 0.000021846928575541824 -1.3518943776935632e-11 
vn -0.009999976493418217 0.000021846928575541824 -1.3518943776935632e-11 
vn -0.009999976493418217 0.000021846928575541824 -1.3518943776935632e-11 
vn -0.009999976493418217 0.000021846928575541824 -1.3518943776935632e-11 
vn -0.009999976493418217 0.000021846928575541824 -1.3518943776935632e-11 
vn -0.009999976493418217 0.000021846928575541824 -1.3518943776935632e-11 
vn -0.009999976493418217 0.000021846928575541824 -1.3518943776935632e-11 
vn -0.009999976493418217 0.000021846928575541824 -1.3518943776935632e-11 
vn -0.009999976493418217 0.000021846928575541824 -1.3518943776935632e-11 
vn -0.009999976493418217 0.000021846928575541824 -1.3518943776935632e-11 
vn -0.009999976493418217 0.000021846928575541824 -1.3518943776935632e-11 
vn -0.009999976493418217 0.000021846928575541824 -1.3518943776935632e-11 
vn -0.009999976493418217 0.000021846928575541824 -1.3518943776935632e-11 
vn 3.097898490739357e-15 -0.000021840738554601558 0.009999969974160194 
vn 3.097898490739357e-15 -0.000021840738554601558 0.009999969974160194 
vn 3.097898490739357e-15 -0.000021840738554601558 0.009999969974160194 
vn 3.097898490739357e-15 -0.000021840738554601558 0.009999969974160194 
vn 3.097898490739357e-15 -0.000021840738554601558 0.009999969974160194 
vn 3.097898490739357e-15 -0.000021840738554601558 0.009999969974160194 
vn 3.097898490739357e-15 -0.000021840738554601558 0.009999969974160194 
vn 3.097898490739357e-15 -0.000021840738554601558 0.009999969974160194 
vn 3.097898490739357e-15 -0.000021840738554601558 0.009999969974160194 
vn 3.097898490739357e-15 -0.000021840738554601558 0.009999969974160194 
vn 3.097898490739357e-15 0.000021853116777492687 0.009999969974160194 
vn 3.097898490739357e-15 0.000021853116777492687 0.009999969974160194 
vn 3.097898490739357e-15 0.000021853116777492687 0.009999969974160194 
vn 3.097898490739357e-15 0.000021853116777492687 0.009999969974160194 
vn 3.097898490739357e-15 0.000021853116777492687 0.009999969974160194 
vn 3.097898490739357e-15 0.000021853116777492687 0.009999969974160194 
vn 3.097898490739357e-15 0.000021853116777492687 0.009999969974160194 
vn 3.097898490739357e-15 0.000021853116777492687 0.009999969974160194 
vn 3.097898490739357e-15 0.000021853116777492687 0.009999969974160194 
vn 3.097898490739357e-15 0.000021853116777492687 0.009999969974160194 
vn -0.009999976493418217 -0.000021846928575541824 1.3523080225064099e-11 
vn -0.009999976493418217 -0.000021846928575541824 1.3523080225064099e-11 
vn -0.009999976493418217 -0.000021846928575541824 1.3523080225064099e-11 
vn -0.009999976493418217 -0.000021846928575541824 1.3523080225064099e-11 
vn 0.000018904735043179244 -0.009919820353388786 0.0012635993771255016 
vn 0.000018904735043179244 -0.009919820353388786 0.0012635993771255016 
vn 0.000018904735043179244 -0.009919820353388786 0.0012635993771255016 
vn 0.000018904735043179244 -0.009919820353388786 0.0012635993771255016 
vn 0.00001890029125206638 -0.00930225383490324 0.0036698223557323217 
vn 0.00001890029125206638 -0.00930225383490324 0.0036698223557323217 
vn 0.00001890029125206638 -0.00930225383490324 0.0036698223557323217 
vn 0.00001890029125206638 -0.00930225383490324 0.0036698223557323217 
vn 0.000018903874661191367 -0.008085021749138832 0.005884891375899315 
vn 0.000018903874661191367 -0.008085021749138832 0.005884891375899315 
vn 0.000018903874661191367 -0.008085021749138832 0.005884891375899315 
vn 0.000018903874661191367 -0.008085021749138832 0.005884891375899315 
vn 2.3842139403713013e-15 -0.006384998094290495 0.0076962118037045 
vn 2.3842139403713013e-15 -0.006384998094290495 0.0076962118037045 
vn 2.3842139403713013e-15 -0.006384998094290495 0.0076962118037045 
vn 2.3842139403713013e-15 -0.006384998094290495 0.0076962118037045 
vn 0.000018881344658439048 -0.004251457750797272 0.00905122235417366 
vn 0.000018881344658439048 -0.004251457750797272 0.00905122235417366 
vn 0.000018881344658439048 -0.004251457750797272 0.00905122235417366 
vn 0.000018881344658439048 -0.004251457750797272 0.00905122235417366 
vn 0.000018880138668464497 -0.0018892547814175487 0.00981989037245512 
vn 0.000018880138668464497 -0.0018892547814175487 0.00981989037245512 
vn 0.000018880138668464497 -0.0018892547814175487 0.00981989037245512 
vn 0.000018880138668464497 -0.0018892547814175487 0.00981989037245512 
vn -0.0000188645462912973 0.0006331438198685646 0.0099799120798707 
vn -0.0000188645462912973 0.0006331438198685646 0.0099799120798707 
vn -0.0000188645462912973 0.0006331438198685646 0.0099799120798707 
vn -0.0000188645462912973 0.0006331438198685646 0.0099799120798707 
vn 2.947951847976954e-15 0.0030735470354557037 0.009515943937003613 
vn 2.947951847976954e-15 0.0030735470354557037 0.009515943937003613 
vn 2.947951847976954e-15 0.0030735470354557037 0.009515943937003613 
vn 2.947951847976954e-15 0.0030735470354557037 0.009515943937003613 
vn -0.000018861617718357593 0.005361220799386501 0.008441375568509102 
vn -0.000018861617718357593 0.005361220799386501 0.008441375568509102 
vn -0.000018861617718357593 0.005361220799386501 0.008441375568509102 
vn -0.000018861617718357593 0.005361220799386501 0.008441375568509102 
vn 0.000037636247725458816 0.008763906545937061 0.0048158494755625725 
vn 0.000037636247725458816 0.008763906545937061 0.0048158494755625725 
vn 0.000037636247725458816 0.008763906545937061 0.0048158494755625725 
vn 0.000037636247725458816 0.008763906545937061 0.0048158494755625725 
vn 0.00003750633914023638 0.009680590592324734 0.002506919438019395 
vn 0.00003750633914023638 0.009680590592324734 0.002506919438019395 
vn 0.00003750633914023638 0.009680590592324734 0.002506919438019395 
vn 0.00003750633914023638 0.009680590592324734 0.002506919438019395 
vn 0 0.009999994188547134 -6.188972445642094e-9 
vn 0 0.009999994188547134 -6.188972445642094e-9 
vn 0 0.009999994188547134 -6.188972445642094e-9 
vn 0 0.009999994188547134 -6.188972445642094e-9 
vn -0.00003750633914023638 0.009680586867034435 -0.0025069313123822212 
vn -0.00003750633914023638 0.009680586867034435 -0.0025069313123822212 
vn -0.00003750633914023638 0.009680586867034435 -0.0025069313123822212 
vn -0.00003750633914023638 0.009680586867034435 -0.0025069313123822212 
vn -0.000037636247725458816 0.008763900026679039 -0.004815860651433468 
vn -0.000037636247725458816 0.008763900026679039 -0.004815860651433468 
vn -0.000037636247725458816 0.008763900026679039 -0.004815860651433468 
vn -0.000037636247725458816 0.008763900026679039 -0.004815860651433468 
vn -7.093487475297387e-16 0.007276503834873438 -0.006859473418444395 
vn -7.093487475297387e-16 0.007276503834873438 -0.006859473418444395 
vn -7.093487475297387e-16 0.007276503834873438 -0.006859473418444395 
vn -7.093487475297387e-16 0.007276503834873438 -0.006859473418444395 
vn -0.000018861617718357593 0.0053612105548381805 -0.008441382087767124 
vn -0.000018861617718357593 0.0053612105548381805 -0.008441382087767124 
vn -0.000018861617718357593 0.0053612105548381805 -0.008441382087767124 
vn -0.000018861617718357593 0.0053612105548381805 -0.008441382087767124 
vn -9.840592670766414e-16 0.0030735351610928774 -0.009515947662293911 
vn -9.840592670766414e-16 0.0030735351610928774 -0.009515947662293911 
vn -9.840592670766414e-16 0.0030735351610928774 -0.009515947662293911 
vn -9.840592670766414e-16 0.0030735351610928774 -0.009515947662293911 
vn -0.0000188645462912973 0.000633131479844451 -0.009979913011193275 
vn -0.0000188645462912973 0.000633131479844451 -0.009979913011193275 
vn -0.0000188645462912973 0.000633131479844451 -0.009979913011193275 
vn -0.0000188645462912973 0.000633131479844451 -0.009979913011193275 
vn 0.000018880138668464497 -0.0018892670050263405 -0.009819887578487396 
vn 0.000018880138668464497 -0.0018892670050263405 -0.009819887578487396 
vn 0.000018880138668464497 -0.0018892670050263405 -0.009819887578487396 
vn 0.000018880138668464497 -0.0018892670050263405 -0.009819887578487396 
vn 0.000018881344658439048 -0.004251468926668167 -0.009051216766238213 
vn 0.000018881344658439048 -0.004251468926668167 -0.009051216766238213 
vn 0.000018881344658439048 -0.004251468926668167 -0.009051216766238213 
vn 0.000018881344658439048 -0.004251468926668167 -0.009051216766238213 
vn -7.958772923773833e-16 -0.006385007873177528 -0.007696203887462616 
vn -7.958772923773833e-16 -0.006385007873177528 -0.007696203887462616 
vn -7.958772923773833e-16 -0.006385007873177528 -0.007696203887462616 
vn -7.958772923773833e-16 -0.006385007873177528 -0.007696203887462616 
vn 0.000018903874661191367 -0.008085029199719429 -0.005884881131350994 
vn 0.000018903874661191367 -0.008085029199719429 -0.005884881131350994 
vn 0.000018903874661191367 -0.008085029199719429 -0.005884881131350994 
vn 0.000018903874661191367 -0.008085029199719429 -0.005884881131350994 
vn 0.00001890029125206638 -0.009302257560193539 -0.0036698109470307827 
vn 0.00001890029125206638 -0.009302257560193539 -0.0036698109470307827 
vn 0.00001890029125206638 -0.009302257560193539 -0.0036698109470307827 
vn 0.00001890029125206638 -0.009302257560193539 -0.0036698109470307827 
vn 0.000018904735043179244 -0.009919821284711361 -0.0012635871535167098 
vn 0.000018904735043179244 -0.009919821284711361 -0.0012635871535167098 
vn 0.000018904735043179244 -0.009919821284711361 -0.0012635871535167098 
vn 0.000018904735043179244 -0.009919821284711361 -0.0012635871535167098 
vn 3.097898490739357e-15 0.000021853116777492687 0.009999969974160194 
vn 3.097898490739357e-15 0.000021853116777492687 0.009999969974160194 
vn 3.097898490739357e-15 0.000021853116777492687 0.009999969974160194 
vn 3.097898490739357e-15 0.000021853116777492687 0.009999969974160194 
vn 3.097898490739357e-15 -0.000021840738554601558 0.009999969974160194 
vn 3.097898490739357e-15 -0.000021840738554601558 0.009999969974160194 
vn 3.097898490739357e-15 -0.000021840738554601558 0.009999969974160194 
vn 3.097898490739357e-15 -0.000021840738554601558 0.009999969974160194 
vn 3.097898490739357e-15 0.000021853116777492687 0.009999969974160194 
vn 3.097898490739357e-15 0.000021853116777492687 0.009999969974160194 
vn 3.097898490739357e-15 0.000021853116777492687 0.009999969974160194 
vn 3.097898490739357e-15 0.000021853116777492687 0.009999969974160194 
vn 3.097898490739357e-15 0.000021853116777492687 0.009999969974160194 
vn 3.097898490739357e-15 0.000021853116777492687 0.009999969974160194 
vn 3.097898490739357e-15 0.000021853116777492687 0.009999969974160194 
vn 3.097898490739357e-15 0.000021853116777492687 0.009999969974160194 
vn 3.097898490739357e-15 0.000021853116777492687 0.009999969974160194 
vn 3.097898490739357e-15 0.000021853116777492687 0.009999969974160194 
vn 3.097898490739357e-15 0.000021853116777492687 0.009999969974160194 
vn 3.097898490739357e-15 0.000021853116777492687 0.009999969974160194 
vn 3.097898490739357e-15 -0.000021840738554601558 0.009999969974160194 
vn 3.097898490739357e-15 -0.000021840738554601558 0.009999969974160194 
vn 3.097898490739357e-15 -0.000021840738554601558 0.009999969974160194 
vn 3.097898490739357e-15 -0.000021840738554601558 0.009999969974160194 
vn -2.068231052255163e-15 -0.009999994188547134 6.188972445642094e-9 
vn -2.068231052255163e-15 -0.009999994188547134 6.188972445642094e-9 
vn -2.068231052255163e-15 -0.009999994188547134 6.188972445642094e-9 
vn -2.068231052255163e-15 -0.009999994188547134 6.188972445642094e-9 
vn -1.0341130909078582e-15 0.000021840738554601558 -0.009999969974160194 
vn -1.0341130909078582e-15 0.000021840738554601558 -0.009999969974160194 
vn -1.0341130909078582e-15 0.000021840738554601558 -0.009999969974160194 
vn -1.0341130909078582e-15 0.000021840738554601558 -0.009999969974160194 
vn 0 0.009999994188547134 -6.188972445642094e-9 
vn 0 0.009999994188547134 -6.188972445642094e-9 
vn 0 0.009999994188547134 -6.188972445642094e-9 
vn 0 0.009999994188547134 -6.188972445642094e-9 
vn -1.0341130909078582e-15 0.000021840738554601558 -0.009999969974160194 
vn -1.0341130909078582e-15 0.000021840738554601558 -0.009999969974160194 
vn -1.0341130909078582e-15 0.000021840738554601558 -0.009999969974160194 
vn -1.0341130909078582e-15 0.000021840738554601558 -0.009999969974160194 
vn -1.0341130909078582e-15 -0.000021853116777492687 -0.009999969974160194 
vn -1.0341130909078582e-15 -0.000021853116777492687 -0.009999969974160194 
vn -1.0341130909078582e-15 -0.000021853116777492687 -0.009999969974160194 
vn -1.0341130909078582e-15 -0.000021853116777492687 -0.009999969974160194 
vn -1.0341130909078582e-15 -0.000021853116777492687 -0.009999969974160194 
vn -1.0341130909078582e-15 -0.000021853116777492687 -0.009999969974160194 
vn -1.0341130909078582e-15 -0.000021853116777492687 -0.009999969974160194 
vn -1.0341130909078582e-15 -0.000021853116777492687 -0.009999969974160194 
vn 2.1250000474130936e-15 0.007276512216776609 0.006859464105218649 
vn 2.1250000474130936e-15 0.007276512216776609 0.006859464105218649 
vn 2.1250000474130936e-15 0.007276512216776609 0.006859464105218649 
vn 2.1250000474130936e-15 0.007276512216776609 0.006859464105218649 
vn 2.1250000474130936e-15 0.007276512216776609 0.006859464105218649 
vn 0.009999976493418217 0.000021846928575541824 -1.3521011567318997e-11 
vn 0.009999976493418217 0.000021846928575541824 -1.3521011567318997e-11 
vn 0.009999976493418217 0.000021846928575541824 -1.3521011567318997e-11 
vn 0.009999976493418217 0.000021846928575541824 -1.3521011567318997e-11 
vn 0.009999976493418217 0.000021846928575541824 -1.3521011567318997e-11 
vn 0.009999976493418217 0.000021846928575541824 -1.3521011567318997e-11 
vn 0.009999976493418217 0.000021846928575541824 -1.3521011567318997e-11 
vn 0.009999976493418217 0.000021846928575541824 -1.3521011567318997e-11 
vn 0.009999976493418217 0.000021846928575541824 -1.3521011567318997e-11 
vn 0.009999976493418217 0.000021846928575541824 -1.3521011567318997e-11 
vn 0.009999976493418217 0.000021846928575541824 -1.3521011567318997e-11 
vn 0.009999976493418217 0.000021846928575541824 -1.3521011567318997e-11 
vn 0.009999976493418217 0.000021846928575541824 -1.3521011567318997e-11 
vn 0.009999976493418217 0.000021846928575541824 -1.3521011567318997e-11 
vn 0.009999976493418217 0.000021846928575541824 -1.3521011567318997e-11 
vn 0.009999976493418217 0.000021846928575541824 -1.3521011567318997e-11 
vn 0.009999976493418217 0.000021846928575541824 -1.3521011567318997e-11 
vn 0.009999976493418217 0.000021846928575541824 -1.3521011567318997e-11 
vn 0.009999976493418217 0.000021846928575541824 -1.3521011567318997e-11 
vn 0.009999976493418217 0.000021846928575541824 -1.3521011567318997e-11 
vn 0.009999976493418217 0.000021846928575541824 -1.3521011567318997e-11 
vn 0.009999976493418217 0.000021846928575541824 -1.3521011567318997e-11 
vn 0.009999976493418217 0.000021846928575541824 -1.3521011567318997e-11 
vn 0.009999976493418217 0.000021846928575541824 -1.3521011567318997e-11 
vn 0.009999976493418217 0.000021846928575541824 -1.3521011567318997e-11 
vn 0.009999976493418217 0.000021846928575541824 -1.3521011567318997e-11 
vn 0.009999976493418217 0.000021846928575541824 -1.3521011567318997e-11 
vn 0.009999976493418217 0.000021846928575541824 -1.3521011567318997e-11 
vn 0.009999976493418217 0.000021846928575541824 -1.3521011567318997e-11 
vn 0.009999976493418217 0.000021846928575541824 -1.3521011567318997e-11 
vn 0.009999976493418217 0.000021846928575541824 -1.3521011567318997e-11 
vn 0.009999976493418217 0.000021846928575541824 -1.3521011567318997e-11 
vn 0.009999976493418217 0.000021846928575541824 -1.3521011567318997e-11 
vn 0.009999976493418217 0.000021846928575541824 -1.3521011567318997e-11 
vn 3.097898490739357e-15 0.000021853116777492687 0.009999969974160194 
vn 3.097898490739357e-15 0.000021853116777492687 0.009999969974160194 
vn 3.097898490739357e-15 0.000021853116777492687 0.009999969974160194 
vn 3.097898490739357e-15 0.000021853116777492687 0.009999969974160194 
vn 3.097898490739357e-15 0.000021853116777492687 0.009999969974160194 
vn 3.097898490739357e-15 0.000021853116777492687 0.009999969974160194 
vn 3.097898490739357e-15 0.000021853116777492687 0.009999969974160194 
vn 3.097898490739357e-15 0.000021853116777492687 0.009999969974160194 
vn 3.097898490739357e-15 0.000021853116777492687 0.009999969974160194 
vn 3.097898490739357e-15 0.000021853116777492687 0.009999969974160194 
vn 3.097898490739357e-15 -0.000021840738554601558 0.009999969974160194 
vn 3.097898490739357e-15 -0.000021840738554601558 0.009999969974160194 
vn 3.097898490739357e-15 -0.000021840738554601558 0.009999969974160194 
vn 3.097898490739357e-15 -0.000021840738554601558 0.009999969974160194 
vn 3.097898490739357e-15 -0.000021840738554601558 0.009999969974160194 
vn 3.097898490739357e-15 -0.000021840738554601558 0.009999969974160194 
vn 3.097898490739357e-15 -0.000021840738554601558 0.009999969974160194 
vn 3.097898490739357e-15 -0.000021840738554601558 0.009999969974160194 
vn 3.097898490739357e-15 -0.000021840738554601558 0.009999969974160194 
vn 3.097898490739357e-15 -0.000021840738554601558 0.009999969974160194 
s on 
f 1//1 2//2 3//3 
f 2//2 4//4 3//3 
f 3//3 4//4 4//4 
f 4//4 5//5 4//4 
f 4//4 5//5 5//5 
f 5//5 6//6 5//5 
f 5//5 6//6 7//7 
f 6//6 8//8 7//7 
f 7//7 8//8 8//8 
f 8//8 9//9 8//8 
f 8//8 9//9 9//9 
f 9//9 10//10 9//9 
f 9//9 10//10 11//11 
f 10//10 12//12 11//11 
f 11//11 12//12 12//12 
f 12//12 13//13 12//12 
f 12//12 13//13 13//13 
f 13//13 14//14 13//13 
f 13//13 14//14 15//15 
f 14//14 16//16 15//15 
f 15//15 16//16 16//16 
f 16//16 17//17 16//16 
f 16//16 17//17 17//17 
f 17//17 18//18 17//17 
f 17//17 18//18 19//19 
f 18//18 20//20 19//19 
f 19//19 20//20 20//20 
f 20//20 21//21 20//20 
f 20//20 21//21 21//21 
f 21//21 22//22 21//21 
f 21//21 22//22 23//23 
f 22//22 24//24 23//23 
f 23//23 24//24 24//24 
f 24//24 25//25 24//24 
f 24//24 25//25 25//25 
f 25//25 26//26 25//25 
f 25//25 26//26 27//27 
f 26//26 28//28 27//27 
f 27//27 28//28 28//28 
f 28//28 29//29 28//28 
f 28//28 29//29 29//29 
f 29//29 30//30 29//29 
f 29//29 30//30 31//31 
f 30//30 32//32 31//31 
f 31//31 32//32 32//32 
f 32//32 33//33 32//32 
f 32//32 33//33 33//33 
f 33//33 34//34 33//33 
f 33//33 34//34 35//35 
f 34//34 36//36 35//35 
f 35//35 36//36 36//36 
f 36//36 37//37 36//36 
f 36//36 37//37 37//37 
f 37//37 38//38 37//37 
f 37//37 38//38 39//39 
f 38//38 40//40 39//39 
f 39//39 40//40 40//40 
f 40//40 41//41 40//40 
f 40//40 41//41 41//41 
f 41//41 42//42 41//41 
f 41//41 42//42 43//43 
f 42//42 44//44 43//43 
f 43//43 44//44 44//44 
f 44//44 45//45 44//44 
f 44//44 45//45 45//45 
f 45//45 46//46 45//45 
f 45//45 46//46 47//47 
f 46//46 48//48 47//47 
f 47//47 48//48 48//48 
f 48//48 49//49 48//48 
f 48//48 49//49 49//49 
f 49//49 50//50 49//49 
f 49//49 50//50 51//51 
f 50//50 52//52 51//51 
f 51//51 52//52 52//52 
f 52//52 53//53 52//52 
f 52//52 53//53 53//53 
f 53//53 54//54 53//53 
f 53//53 54//54 55//55 
f 54//54 56//56 55//55 
f 55//55 56//56 56//56 
f 56//56 57//57 56//56 
f 56//56 57//57 57//57 
f 57//57 58//58 57//57 
f 57//57 58//58 59//59 
f 58//58 60//60 59//59 
f 59//59 60//60 60//60 
f 60//60 61//61 60//60 
f 60//60 61//61 61//61 
f 61//61 62//62 61//61 
f 61//61 62//62 63//63 
f 62//62 64//64 63//63 
f 63//63 64//64 64//64 
f 64//64 65//65 64//64 
f 64//64 65//65 65//65 
f 65//65 66//66 65//65 
f 65//65 66//66 67//67 
f 66//66 68//68 67//67 
f 67//67 68//68 68//68 
f 68//68 69//69 68//68 
f 68//68 69//69 69//69 
f 69//69 70//70 69//69 
f 69//69 70//70 71//71 
f 70//70 72//72 71//71 
f 71//71 72//72 72//72 
f 72//72 73//73 72//72 
f 72//72 73//73 73//73 
f 73//73 74//74 73//73 
f 73//73 74//74 75//75 
f 74//74 76//76 75//75 
f 75//75 76//76 76//76 
f 76//76 77//77 76//76 
f 76//76 77//77 77//77 
f 77//77 78//78 77//77 
f 77//77 78//78 79//79 
f 78//78 80//80 79//79 
f 79//79 80//80 80//80 
f 80//80 81//81 80//80 
f 80//80 81//81 81//81 
f 81//81 82//82 81//81 
f 81//81 82//82 83//83 
f 82//82 84//84 83//83 
f 83//83 84//84 84//84 
f 84//84 85//85 84//84 
f 84//84 85//85 85//85 
f 85//85 86//86 85//85 
f 85//85 86//86 87//87 
f 86//86 88//88 87//87 
f 87//87 88//88 88//88 
f 88//88 89//89 88//88 
f 88//88 89//89 89//89 
f 89//89 90//90 89//89 
f 89//89 90//90 91//91 
f 90//90 92//92 91//91 
f 91//91 92//92 92//92 
f 92//92 93//93 92//92 
f 92//92 93//93 93//93 
f 93//93 94//94 93//93 
f 93//93 94//94 95//95 
f 94//94 96//96 95//95 
f 95//95 96//96 96//96 
f 96//96 97//97 96//96 
f 96//96 97//97 97//97 
f 97//97 98//98 97//97 
f 97//97 98//98 99//99 
f 98//98 100//100 99//99 
f 99//99 100//100 100//100 
f 100//100 101//101 100//100 
f 100//100 101//101 101//101 
f 101//101 102//102 101//101 
f 101//101 102//102 103//103 
f 102//102 104//104 103//103 
f 103//103 104//104 104//104 
f 104//104 105//105 104//104 
f 104//104 105//105 105//105 
f 105//105 106//106 105//105 
f 105//105 106//106 107//107 
f 106//106 106//106 107//107 
f 107//107 106//106 108//108 
f 106//106 109//109 108//108 
f 108//108 109//109 109//109 
f 109//109 110//110 109//109 
f 109//109 110//110 110//110 
f 110//110 111//111 110//110 
f 110//110 111//111 112//112 
f 111//111 113//113 112//112 
f 112//112 113//113 114//114 
f 113//113 114//114 114//114 
f 114//114 114//114 115//115 
f 114//114 115//115 115//115 
f 115//115 115//115 116//116 
f 115//115 117//117 116//116 
f 116//116 117//117 118//118 
f 117//117 119//119 118//118 
f 118//118 119//119 119//119 
f 119//119 120//120 119//119 
f 119//119 120//120 120//120 
f 120//120 121//121 120//120 
f 120//120 121//121 122//122 
f 121//121 123//123 122//122 
f 122//122 123//123 124//124 
f 123//123 124//124 124//124 
f 124//124 124//124 125//125 
f 124//124 125//125 125//125 
f 125//125 125//125 125//125 
f 125//125 126//126 125//125 
f 125//125 126//126 127//127 
f 126//126 128//128 127//127 
f 127//127 128//128 128//128 
f 128//128 129//129 128//128 
f 128//128 129//129 129//129 
f 129//129 130//130 129//129 
f 129//129 130//130 131//131 
f 130//130 132//132 131//131 
f 131//131 132//132 132//132 
f 132//132 133//133 132//132 
f 132//132 133//133 133//133 
f 133//133 134//134 133//133 
f 133//133 134//134 135//135 
f 134//134 136//136 135//135 
f 135//135 136//136 137//137 
f 136//136 138//138 137//137 
f 137//137 138//138 138//138 
f 138//138 139//139 138//138 
f 138//138 139//139 139//139 
f 139//139 140//140 139//139 
f 139//139 140//140 141//141 
f 140//140 142//142 141//141 
f 141//141 142//142 142//142 
f 142//142 143//143 142//142 
f 142//142 143//143 143//143 
f 143//143 144//144 143//143 
f 143//143 144//144 145//145 
f 144//144 146//146 145//145 
f 145//145 146//146 146//146 
f 146//146 147//147 146//146 
f 146//146 147//147 147//147 
f 147//147 148//148 147//147 
f 147//147 148//148 149//149 
f 148//148 150//150 149//149 
f 149//149 150//150 150//150 
f 150//150 151//151 150//150 
f 150//150 151//151 151//151 
f 151//151 152//152 151//151 
f 151//151 152//152 153//153 
f 152//152 154//154 153//153 
f 153//153 154//154 154//154 
f 154//154 155//155 154//154 
f 154//154 155//155 155//155 
f 155//155 156//156 155//155 
f 155//155 156//156 157//157 
f 156//156 158//158 157//157 
f 157//157 158//158 158//158 
f 158//158 159//159 158//158 
f 158//158 159//159 159//159 
f 159//159 160//160 159//159 
f 159//159 160//160 161//161 
f 160//160 162//162 161//161 
f 161//161 162//162 162//162 
f 162//162 163//163 162//162 
f 162//162 163//163 163//163 
f 163//163 164//164 163//163 
f 163//163 164//164 165//165 
f 164//164 166//166 165//165 
f 165//165 166//166 166//166 
f 166//166 167//167 166//166 
f 166//166 167//167 167//167 
f 167//167 168//168 167//167 
f 167//167 168//168 169//169 
f 168//168 170//170 169//169 
f 169//169 170//170 170//170 
f 170//170 171//171 170//170 
f 170//170 171//171 171//171 
f 171//171 172//172 171//171 
f 171//171 172//172 173//173 
f 172//172 174//174 173//173 
f 173//173 174//174 174//174 
f 174//174 175//175 174//174 
f 174//174 175//175 175//175 
f 175//175 176//176 175//175 
f 175//175 176//176 177//177 
f 176//176 178//178 177//177 
f 177//177 178//178 178//178 
f 178//178 179//179 178//178 
f 178//178 179//179 179//179 
f 179//179 180//180 179//179 
f 179//179 180//180 181//181 
f 180//180 182//182 181//181 
f 181//181 182//182 182//182 
f 182//182 183//183 182//182 
f 182//182 183//183 183//183 
f 183//183 184//184 183//183 
f 183//183 184//184 185//185 
f 184//184 186//186 185//185 
f 185//185 186//186 186//186 
f 186//186 187//187 186//186 
f 186//186 187//187 187//187 
f 187//187 188//188 187//187 
f 187//187 188//188 189//189 
f 188//188 190//190 189//189 
f 189//189 190//190 190//190 
f 190//190 191//191 190//190 
f 190//190 191//191 191//191 
f 191//191 192//192 191//191 
f 191//191 192//192 193//193 
f 192//192 194//194 193//193 
f 193//193 194//194 194//194 
f 194//194 195//195 194//194 
f 194//194 195//195 195//195 
f 195//195 196//196 195//195 
f 195//195 196//196 197//197 
f 196//196 198//198 197//197 
f 197//197 198//198 198//198 
f 198//198 199//199 198//198 
f 198//198 199//199 199//199 
f 199//199 200//200 199//199 
f 199//199 200//200 201//201 
f 200//200 202//202 201//201 
f 201//201 202//202 202//202 
f 202//202 203//203 202//202 
f 202//202 203//203 203//203 
f 203//203 204//204 203//203 
f 203//203 204//204 205//205 
f 204//204 206//206 205//205 
f 205//205 206//206 206//206 
f 206//206 207//207 206//206 
f 206//206 207//207 207//207 
f 207//207 208//208 207//207 
f 207//207 208//208 209//209 
f 208//208 210//210 209//209 
f 209//209 210//210 210//210 
f 210//210 211//211 210//210 
f 210//210 211//211 211//211 
f 211//211 212//212 211//211 
f 211//211 212//212 213//213 
f 212//212 214//214 213//213 
f 213//213 214//214 214//214 
f 214//214 215//215 214//214 
f 214//214 215//215 215//215 
f 215//215 216//216 215//215 
f 215//215 216//216 217//217 
f 216//216 218//218 217//217 
f 217//217 218//218 218//218 
f 218//218 219//219 218//218 
f 218//218 219//219 219//219 
f 219//219 220//220 219//219 
f 219//219 220//220 221//221 
f 220//220 222//222 221//221 
f 221//221 222//222 222//222 
f 222//222 223//223 222//222 
f 222//222 223//223 223//223 
f 223//223 224//224 223//223 
f 223//223 224//224 225//225 
f 224//224 226//226 225//225 
f 225//225 226//226 226//226 
f 226//226 227//227 226//226 
f 226//226 227//227 227//227 
f 227//227 228//228 227//227 
f 227//227 228//228 229//229 
f 228//228 230//230 229//229 
f 229//229 230//230 230//230 
f 230//230 231//231 230//230 
f 230//230 231//231 231//231 
f 231//231 232//232 231//231 
f 231//231 232//232 233//233 
f 232//232 234//234 233//233 
f 233//233 234//234 234//234 
f 234//234 235//235 234//234 
f 234//234 235//235 235//235 
f 235//235 236//236 235//235 
f 235//235 236//236 237//237 
f 236//236 238//238 237//237 
f 237//237 238//238 238//238 
f 238//238 239//239 238//238 
f 238//238 239//239 239//239 
f 239//239 240//240 239//239 
f 239//239 240//240 241//241 
f 240//240 242//242 241//241 
f 241//241 242//242 242//242 
f 242//242 243//243 242//242 
f 242//242 243//243 243//243 
f 243//243 244//244 243//243 
f 243//243 244//244 245//245 
f 244//244 246//246 245//245 
f 245//245 246//246 246//246 
f 246//246 247//247 246//246 
f 246//246 247//247 247//247 
f 247//247 248//248 247//247 
f 247//247 248//248 249//249 
f 248//248 250//250 249//249 
f 249//249 250//250 250//250 
f 250//250 251//251 250//250 
f 250//250 251//251 251//251 
f 251//251 252//252 251//251 
f 251//251 252//252 253//253 
f 252//252 254//254 253//253 
f 253//253 254//254 254//254 
f 254//254 255//255 254//254 
f 254//254 255//255 255//255 
f 255//255 256//256 255//255 
f 255//255 256//256 257//257 
f 256//256 258//258 257//257 
f 257//257 258//258 258//258 
f 258//258 259//259 258//258 
f 258//258 259//259 259//259 
f 259//259 260//260 259//259 
f 259//259 260//260 261//261 
f 260//260 262//262 261//261 
f 261//261 262//262 262//262 
f 262//262 263//263 262//262 
f 262//262 263//263 263//263 
f 263//263 264//264 263//263 
f 263//263 264//264 265//265 
f 264//264 266//266 265//265 
f 265//265 266//266 266//266 
f 266//266 267//267 266//266 
f 266//266 267//267 267//267 
f 267//267 268//268 267//267 
f 267//267 268//268 269//269 
f 268//268 270//270 269//269 
f 269//269 270//270 270//270 
f 270//270 271//271 270//270 
f 270//270 271//271 271//271 
f 271//271 272//272 271//271 
f 271//271 272//272 273//273 
f 272//272 274//274 273//273 
f 273//273 274//274 274//274 
f 274//274 275//275 274//274 
f 274//274 275//275 275//275 
f 275//275 276//276 275//275 
f 275//275 276//276 277//277 
f 276//276 278//278 277//277 
f 277//277 278//278 278//278 
f 278//278 279//279 278//278 
f 278//278 279//279 279//279 
f 279//279 280//280 279//279 
f 279//279 280//280 281//281 
f 280//280 282//282 281//281 
f 281//281 282//282 282//282 
f 282//282 283//283 282//282 
f 282//282 283//283 283//283 
f 283//283 284//284 283//283 
f 283//283 284//284 285//285 
f 284//284 286//286 285//285 
f 285//285 286//286 286//286 
f 286//286 287//287 286//286 
f 286//286 287//287 287//287 
f 287//287 288//288 287//287 
f 287//287 288//288 289//289 
f 288//288 290//290 289//289 
f 289//289 290//290 290//290 
f 290//290 291//291 290//290 
f 290//290 291//291 291//291 
f 291//291 292//292 291//291 
f 291//291 292//292 293//293 
f 292//292 294//294 293//293 
f 293//293 294//294 294//294 
f 294//294 295//295 294//294 
f 294//294 295//295 295//295 
f 295//295 296//296 295//295 
f 295//295 296//296 297//297 
f 296//296 298//298 297//297 
f 297//297 298//298 298//298 
f 298//298 299//299 298//298 
f 298//298 299//299 299//299 
f 299//299 300//300 299//299 
f 299//299 300//300 301//301 
f 300//300 302//302 301//301 
f 301//301 302//302 302//302 
f 302//302 303//303 302//302 
f 302//302 303//303 303//303 
f 303//303 304//304 303//303 
f 303//303 304//304 305//305 
f 304//304 306//306 305//305 
f 305//305 306//306 306//306 
f 306//306 307//307 306//306 
f 306//306 307//307 307//307 
f 307//307 308//308 307//307 
f 307//307 308//308 309//309 
f 308//308 310//310 309//309 
f 309//309 310//310 310//310 
f 310//310 311//311 310//310 
f 310//310 311//311 311//311 
f 311//311 312//312 311//311 
f 311//311 312//312 313//313 
f 312//312 314//314 313//313 
f 313//313 314//314 314//314 
f 314//314 315//315 314//314 
f 314//314 315//315 315//315 
f 315//315 316//316 315//315 
f 315//315 316//316 317//317 
f 316//316 318//318 317//317 
f 317//317 318//318 318//318 
f 318//318 319//319 318//318 
f 318//318 319//319 319//319 
f 319//319 320//320 319//319 
f 319//319 320//320 321//321 
f 320//320 322//322 321//321 
f 321//321 322//322 322//322 
f 322//322 323//323 322//322 
f 322//322 323//323 323//323 
f 323//323 324//324 323//323 
f 323//323 324//324 325//325 
f 324//324 326//326 325//325 
f 325//325 326//326 326//326 
f 326//326 327//327 326//326 
f 326//326 327//327 327//327 
f 327//327 328//328 327//327 
f 327//327 328//328 329//329 
f 328//328 330//330 329//329 
f 329//329 330//330 330//330 
f 330//330 331//331 330//330 
f 330//330 331//331 331//331 
f 331//331 332//332 331//331 
f 331//331 332//332 333//333 
f 332//332 332//332 333//333 
f 333//333 332//332 334//334 
f 332//332 335//335 334//334 
f 334//334 335//335 336//336 
f 335//335 337//337 336//336 
f 336//336 337//337 338//338 
f 337//337 338//338 338//338 
f 338//338 338//338 339//339 
f 338//338 339//339 339//339 
f 339//339 339//339 340//340 
f 339//339 341//341 340//340 
f 340//340 341//341 342//342 
f 341//341 341//341 342//342 
f 342//342 341//341 343//343 
f 341//341 344//344 343//343 
f 343//343 344//344 344//344 
f 344//344 345//345 344//344 
f 344//344 345//345 345//345 
f 345//345 346//346 345//345 
f 345//345 346//346 347//347 
f 346//346 348//348 347//347 
f 347//347 348//348 347//347 
f 348//348 349//349 347//347 
f 347//347 349//349 350//350 
f 349//349 350//350 350//350 
f 350//350 350//350 351//351 
f 350//350 351//351 351//351 
f 351//351 351//351 351//351 
f 351//351 352//352 351//351 
f 351//351 352//352 353//353 
f 352//352 354//354 353//353 
f 353//353 354//354 354//354 
f 354//354 355//355 354//354 
f 354//354 355//355 355//355 
f 355//355 356//356 355//355 
f 355//355 356//356 357//357 
f 356//356 358//358 357//357 
f 357//357 358//358 358//358 
f 358//358 359//359 358//358 
f 358//358 359//359 359//359 
f 359//359 360//360 359//359 
f 359//359 360//360 361//361 
f 360//360 362//362 361//361 
f 361//361 362//362 362//362 
f 362//362 363//363 362//362 
f 362//362 363//363 363//363 
f 363//363 364//364 363//363 
f 363//363 364//364 365//365 
f 364//364 366//366 365//365 
f 365//365 366//366 366//366 
f 366//366 367//367 366//366 
f 366//366 367//367 367//367 
f 367//367 368//368 367//367 
f 367//367 368//368 369//369 
f 368//368 370//370 369//369 
f 369//369 370//370 370//370 
f 370//370 371//371 370//370 
f 370//370 371//371 371//371 
f 371//371 372//372 371//371 
f 371//371 372//372 373//373 
f 372//372 374//374 373//373 
f 373//373 374//374 374//374 
f 374//374 375//375 374//374 
f 374//374 375//375 375//375 
f 375//375 376//376 375//375 
f 375//375 376//376 377//377 
f 376//376 378//378 377//377 
f 377//377 378//378 378//378 
f 378//378 379//379 378//378 
f 378//378 379//379 379//379 
f 379//379 380//380 379//379 
f 379//379 380//380 381//381 
f 380//380 382//382 381//381 
f 381//381 382//382 382//382 
f 382//382 383//383 382//382 
f 382//382 383//383 383//383 
f 383//383 384//384 383//383 
f 383//383 384//384 385//385 
f 384//384 386//386 385//385 
f 385//385 386//386 386//386 
f 386//386 387//387 386//386 
f 386//386 387//387 387//387 
f 387//387 388//388 387//387 
f 387//387 388//388 389//389 
f 388//388 390//390 389//389 
f 389//389 390//390 390//390 
f 390//390 391//391 390//390 
f 390//390 391//391 391//391 
f 391//391 392//392 391//391 
f 391//391 392//392 393//393 
f 392//392 394//394 393//393 
f 393//393 394//394 394//394 
f 394//394 395//395 394//394 
f 394//394 395//395 395//395 
f 395//395 396//396 395//395 
f 395//395 396//396 397//397 
f 396//396 398//398 397//397 
f 397//397 398//398 398//398 
f 398//398 399//399 398//398 
f 398//398 399//399 399//399 
f 399//399 400//400 399//399 
f 399//399 400//400 401//401 
f 400//400 402//402 401//401 
f 401//401 402//402 402//402 
f 402//402 403//403 402//402 
f 402//402 403//403 403//403 
f 403//403 404//404 403//403 
f 403//403 404//404 405//405 
f 404//404 406//406 405//405 
f 405//405 406//406 406//406 
f 406//406 407//407 406//406 
f 406//406 407//407 407//407 
f 407//407 408//408 407//407 
f 407//407 408//408 409//409 
f 408//408 410//410 409//409 
f 409//409 410//410 410//410 
f 410//410 411//411 410//410 
f 410//410 411//411 411//411 
f 411//411 412//412 411//411 
f 411//411 412//412 413//413 
f 412//412 414//414 413//413 
f 413//413 414//414 414//414 
f 414//414 415//415 414//414 
f 414//414 415//415 415//415 
f 415//415 416//416 415//415 
f 415//415 416//416 417//417 
f 416//416 418//418 417//417 
f 417//417 418//418 418//418 
f 418//418 419//419 418//418 
f 418//418 419//419 419//419 
f 419//419 420//420 419//419 
f 419//419 420//420 421//421 
f 420//420 422//422 421//421 
f 421//421 422//422 422//422 
f 422//422 423//423 422//422 
f 422//422 423//423 423//423 
f 423//423 424//424 423//423 
f 423//423 424//424 425//425 
f 424//424 426//426 425//425 
f 425//425 426//426 426//426 
f 426//426 427//427 426//426 
f 426//426 427//427 427//427 
f 427//427 428//428 427//427 
f 427//427 428//428 429//429 
f 428//428 430//430 429//429 
f 429//429 430//430 430//430 
f 430//430 431//431 430//430 
f 430//430 431//431 431//431 
f 431//431 432//432 431//431 
f 431//431 432//432 433//433 
f 432//432 434//434 433//433 
f 433//433 434//434 434//434 
f 434//434 435//435 434//434 
f 434//434 435//435 435//435 
f 435//435 436//436 435//435 
f 435//435 436//436 437//437 
f 436//436 438//438 437//437 
f 437//437 438//438 438//438 
f 438//438 439//439 438//438 
f 438//438 439//439 439//439 
f 439//439 440//440 439//439 
f 439//439 440//440 441//441 
f 440//440 442//442 441//441 
f 441//441 442//442 442//442 
f 442//442 443//443 442//442 
f 442//442 443//443 443//443 
f 443//443 444//444 443//443 
f 443//443 444//444 445//445 
f 444//444 446//446 445//445 
f 445//445 446//446 446//446 
f 446//446 447//447 446//446 
f 446//446 447//447 447//447 
f 447//447 448//448 447//447 
f 447//447 448//448 449//449 
f 448//448 450//450 449//449 
f 449//449 450//450 450//450 
f 450//450 451//451 450//450 
f 450//450 451//451 451//451 
f 451//451 452//452 451//451 
f 451//451 452//452 453//453 
f 452//452 454//454 453//453 
f 453//453 454//454 454//454 
f 454//454 455//455 454//454 
f 454//454 455//455 455//455 
f 455//455 456//456 455//455 
f 455//455 456//456 457//457 
f 456//456 458//458 457//457 
f 457//457 458//458 458//458 
f 458//458 459//459 458//458 
f 458//458 459//459 459//459 
f 459//459 460//460 459//459 
f 459//459 460//460 461//461 
f 460//460 462//462 461//461 
f 461//461 462//462 462//462 
f 462//462 463//463 462//462 
f 462//462 463//463 463//463 
f 463//463 464//464 463//463 
f 463//463 464//464 465//465 
f 464//464 466//466 465//465 
f 465//465 466//466 466//466 
f 466//466 467//467 466//466 
f 466//466 467//467 467//467 
f 467//467 468//468 467//467 
f 467//467 468//468 469//469 
f 468//468 470//470 469//469 
f 469//469 470//470 470//470 
f 470//470 471//471 470//470 
f 470//470 471//471 471//471 
f 471//471 472//472 471//471 
f 471//471 472//472 473//473 
f 472//472 474//474 473//473 
f 473//473 474//474 474//474 
f 474//474 475//475 474//474 
f 474//474 475//475 475//475 
f 475//475 476//476 475//475 
f 475//475 476//476 477//477 
f 476//476 478//478 477//477 
f 477//477 478//478 478//478 
f 478//478 479//479 478//478 
f 478//478 479//479 479//479 
f 479//479 480//480 479//479 
f 479//479 480//480 481//481 
f 480//480 482//482 481//481 
f 481//481 482//482 482//482 
f 482//482 483//483 482//482 
f 482//482 483//483 483//483 
f 483//483 484//484 483//483 
f 483//483 484//484 485//485 
f 484//484 486//486 485//485 
f 485//485 486//486 486//486 
f 486//486 487//487 486//486 
f 486//486 487//487 487//487 
f 487//487 488//488 487//487 
f 487//487 488//488 489//489 
f 488//488 490//490 489//489 
f 489//489 490//490 490//490 
f 490//490 491//491 490//490 
f 490//490 491//491 491//491 
f 491//491 492//492 491//491 
f 491//491 492//492 493//493 
f 492//492 494//494 493//493 
f 493//493 494//494 494//494 
f 494//494 495//495 494//494 
f 494//494 495//495 495//495 
f 495//495 496//496 495//495 
f 495//495 496//496 497//497 
f 496//496 498//498 497//497 
f 497//497 498//498 498//498 
f 498//498 499//499 498//498 
f 498//498 499//499 499//499 
f 499//499 500//500 499//499 
f 499//499 500//500 501//501 
f 500//500 500//500 501//501 
f 501//501 500//500 502//502 
f 500//500 503//503 502//502 
f 502//502 503//503 503//503 
f 503//503 504//504 503//503 
f 503//503 504//504 504//504 
f 504//504 505//505 504//504 
f 504//504 505//505 506//506 
f 505//505 505//505 506//506 
f 506//506 505//505 507//507 
f 505//505 505//505 507//507 
f 507//507 505//505 508//508 
f 505//505 505//505 508//508 
f 508//508 505//505 509//509 
f 505//505 510//510 509//509 
f 509//509 510//510 511//511 
f 510//510 510//510 511//511 
f 511//511 510//510 512//512 
f 510//510 513//513 512//512 
f 512//512 513//513 513//513 
f 513//513 514//514 513//513 
f 513//513 514//514 514//514 
f 514//514 515//515 514//514 
f 514//514 515//515 516//516 
f 515//515 517//517 516//516 
f 516//516 517//517 517//517 
f 517//517 514//514 517//517 
f 517//517 514//514 514//514 
f 514//514 516//516 514//514 
f 514//514 516//516 518//518 
f 516//516 516//516 518//518 
f 518//518 516//516 519//519 
f 516//516 516//516 519//519 
f 519//519 516//516 520//520 
f 516//516 516//516 520//520 
f 520//520 516//516 521//521 
f 516//516 522//522 521//521 
f 521//521 522//522 523//523 
f 522//522 522//522 523//523 
f 523//523 522//522 524//524 
f 522//522 522//522 524//524 
f 524//524 522//522 525//525 
f 522//522 526//526 525//525 
f 525//525 526//526 526//526 
f 526//526 515//515 526//526 
f 526//526 515//515 515//515 
f 515//515 527//527 515//515 
f 515//515 527//527 517//517 
f 527//527 528//528 517//517 
f 517//517 528//528 517//517 
f 528//528 529//529 517//517 
f 517//517 529//529 517//517 
f 529//529 530//530 517//517 
f 517//517 530//530 517//517 
f 530//530 531//531 517//517 
f 517//517 531//531 517//517 
f 531//531 532//532 517//517 
f 517//517 532//532 533//533 
f 532//532 534//534 533//533 
f 533//533 534//534 533//533 
f 534//534 535//535 533//533 
f 533//533 535//535 533//533 
f 535//535 536//536 533//533 
f 533//533 536//536 537//537 
f 536//536 537//537 537//537 
f 537//537 537//537 538//538 
f 537//537 538//538 538//538 
f 538//538 538//538 539//539 
f 538//538 540//540 539//539 
f 539//539 540//540 541//541 
f 540//540 540//540 541//541 
f 541//541 540//540 542//542 
f 540//540 540//540 542//542 
f 542//542 540//540 543//543 
f 540//540 540//540 543//543 
f 543//543 540//540 544//544 
f 540//540 540//540 544//544 
f 544//544 540//540 545//545 
f 540//540 540//540 545//545 
f 545//545 540//540 546//546 
f 540//540 547//547 546//546 
f 546//546 547//547 547//547 
f 547//547 548//548 547//547 
f 547//547 548//548 548//548 
f 548//548 549//549 548//548 
f 548//548 549//549 550//550 
f 549//549 549//549 550//550 
f 550//550 549//549 551//551 
f 549//549 552//552 551//551 
f 551//551 552//552 551//551 
f 552//552 553//553 551//551 
f 551//551 553//553 551//551 
f 553//553 554//554 551//551 
f 551//551 554//554 551//551 
f 554//554 555//555 551//551 
f 551//551 555//555 551//551 
f 555//555 556//556 551//551 
f 551//551 556//556 557//557 
f 556//556 557//557 557//557 
f 557//557 557//557 558//558 
f 557//557 558//558 558//558 
f 558//558 558//558 558//558 
f 558//558 559//559 558//558 
f 558//558 559//559 560//560 
f 559//559 561//561 560//560 
f 560//560 561//561 561//561 
f 561//561 562//562 561//561 
f 561//561 562//562 562//562 
f 562//562 563//563 562//562 
f 562//562 563//563 564//564 
f 563//563 565//565 564//564 
f 564//564 565//565 565//565 
f 565//565 566//566 565//565 
f 565//565 566//566 566//566 
f 566//566 567//567 566//566 
f 566//566 567//567 568//568 
f 567//567 569//569 568//568 
f 568//568 569//569 569//569 
f 569//569 570//570 569//569 
f 569//569 570//570 570//570 
f 570//570 571//571 570//570 
f 570//570 571//571 572//572 
f 571//571 573//573 572//572 
f 572//572 573//573 573//573 
f 573//573 574//574 573//573 
f 573//573 574//574 574//574 
f 574//574 575//575 574//574 
f 574//574 575//575 576//576 
f 575//575 577//577 576//576 
f 576//576 577//577 577//577 
f 577//577 578//578 577//577 
f 577//577 578//578 578//578 
f 578//578 579//579 578//578 
f 578//578 579//579 580//580 
f 579//579 581//581 580//580 
f 580//580 581//581 581//581 
f 581//581 582//582 581//581 
f 581//581 582//582 582//582 
f 582//582 583//583 582//582 
f 582//582 583//583 584//584 
f 583//583 585//585 584//584 
f 584//584 585//585 585//585 
f 585//585 586//586 585//585 
f 585//585 586//586 586//586 
f 586//586 587//587 586//586 
f 586//586 587//587 588//588 
f 587//587 589//589 588//588 
f 588//588 589//589 589//589 
f 589//589 590//590 589//589 
f 589//589 590//590 590//590 
f 590//590 591//591 590//590 
f 590//590 591//591 592//592 
f 591//591 593//593 592//592 
f 592//592 593//593 593//593 
f 593//593 594//594 593//593 
f 593//593 594//594 594//594 
f 594//594 595//595 594//594 
f 594//594 595//595 596//596 
f 595//595 597//597 596//596 
f 596//596 597//597 597//597 
f 597//597 598//598 597//597 
f 597//597 598//598 598//598 
f 598//598 599//599 598//598 
f 598//598 599//599 600//600 
f 599//599 601//601 600//600 
f 600//600 601//601 601//601 
f 601//601 602//602 601//601 
f 601//601 602//602 602//602 
f 602//602 603//603 602//602 
f 602//602 603//603 604//604 
f 603//603 605//605 604//604 
f 604//604 605//605 605//605 
f 605//605 606//606 605//605 
f 605//605 606//606 606//606 
f 606//606 607//607 606//606 
f 606//606 607//607 608//608 
f 607//607 609//609 608//608 
f 608//608 609//609 609//609 
f 609//609 610//610 609//609 
f 609//609 610//610 610//610 
f 610//610 611//611 610//610 
f 610//610 611//611 612//612 
f 611//611 613//613 612//612 
f 612//612 613//613 613//613 
f 613//613 614//614 613//613 
f 613//613 614//614 614//614 
f 614//614 615//615 614//614 
f 614//614 615//615 616//616 
f 615//615 617//617 616//616 
f 616//616 617//617 617//617 
f 617//617 618//618 617//617 
f 617//617 618//618 618//618 
f 618//618 619//619 618//618 
f 618//618 619//619 620//620 
f 619//619 621//621 620//620 
f 620//620 621//621 621//621 
f 621//621 622//622 621//621 
f 621//621 622//622 622//622 
f 622//622 623//623 622//622 
f 622//622 623//623 624//624 
f 623//623 625//625 624//624 
f 624//624 625//625 625//625 
f 625//625 626//626 625//625 
f 625//625 626//626 626//626 
f 626//626 627//627 626//626 
f 626//626 627//627 628//628 
f 627//627 629//629 628//628 
f 628//628 629//629 629//629 
f 629//629 630//630 629//629 
f 629//629 630//630 630//630 
f 630//630 631//631 630//630 
f 630//630 631//631 632//632 
f 631//631 633//633 632//632 
f 632//632 633//633 633//633 
f 633//633 634//634 633//633 
f 633//633 634//634 634//634 
f 634//634 635//635 634//634 
f 634//634 635//635 636//636 
f 635//635 637//637 636//636 
f 636//636 637//637 637//637 
f 637//637 638//638 637//637 
f 637//637 638//638 638//638 
f 638//638 639//639 638//638 
f 638//638 639//639 640//640 
f 639//639 641//641 640//640 
f 640//640 641//641 641//641 
f 641//641 642//642 641//641 
f 641//641 642//642 642//642 
f 642//642 643//643 642//642 
f 642//642 643//643 644//644 
f 643//643 645//645 644//644 
f 644//644 645//645 645//645 
f 645//645 646//646 645//645 
f 645//645 646//646 646//646 
f 646//646 647//647 646//646 
f 646//646 647//647 648//648 
f 647//647 649//649 648//648 
f 648//648 649//649 649//649 
f 649//649 650//650 649//649 
f 649//649 650//650 650//650 
f 650//650 651//651 650//650 
f 650//650 651//651 652//652 
f 651//651 653//653 652//652 
f 652//652 653//653 653//653 
f 653//653 654//654 653//653 
f 653//653 654//654 654//654 
f 654//654 655//655 654//654 
f 654//654 655//655 656//656 
f 655//655 657//657 656//656 
f 656//656 657//657 657//657 
f 657//657 658//658 657//657 
f 657//657 658//658 658//658 
f 658//658 659//659 658//658 
f 658//658 659//659 660//660 
f 659//659 661//661 660//660 
f 660//660 661//661 661//661 
f 661//661 662//662 661//661 
f 661//661 662//662 662//662 
f 662//662 663//663 662//662 
f 662//662 663//663 664//664 
f 663//663 665//665 664//664 
f 664//664 665//665 665//665 
f 665//665 666//666 665//665 
f 665//665 666//666 666//666 
f 666//666 667//667 666//666 
f 666//666 667//667 668//668 
f 667//667 669//669 668//668 
f 668//668 669//669 669//669 
f 669//669 670//670 669//669 
f 669//669 670//670 670//670 
f 670//670 671//671 670//670 
f 670//670 671//671 672//672 
f 671//671 673//673 672//672 
f 672//672 673//673 673//673 
f 673//673 674//674 673//673 
f 673//673 674//674 674//674 
f 674//674 675//675 674//674 
f 674//674 675//675 676//676 
f 675//675 677//677 676//676 
f 676//676 677//677 677//677 
f 677//677 678//678 677//677 
f 677//677 678//678 678//678 
f 678//678 679//679 678//678 
f 678//678 679//679 680//680 
f 679//679 681//681 680//680 
f 680//680 681//681 681//681 
f 681//681 682//682 681//681 
f 681//681 682//682 682//682 
f 682//682 683//683 682//682 
f 682//682 683//683 684//684 
f 683//683 685//685 684//684 
f 684//684 685//685 685//685 
f 685//685 686//686 685//685 
f 685//685 686//686 686//686 
f 686//686 687//687 686//686 
f 686//686 687//687 688//688 
f 687//687 689//689 688//688 
f 688//688 689//689 689//689 
f 689//689 690//690 689//689 
f 689//689 690//690 690//690 
f 690//690 691//691 690//690 
f 690//690 691//691 692//692 
f 691//691 693//693 692//692 
f 692//692 693//693 693//693 
f 693//693 694//694 693//693 
f 693//693 694//694 694//694 
f 694//694 695//695 694//694 
f 694//694 695//695 696//696 
f 695//695 697//697 696//696 
f 696//696 697//697 697//697 
f 697//697 698//698 697//697 
f 697//697 698//698 698//698 
f 698//698 699//699 698//698 
f 698//698 699//699 700//700 
f 699//699 701//701 700//700 
f 700//700 701//701 701//701 
f 701//701 702//702 701//701 
f 701//701 702//702 702//702 
f 702//702 703//703 702//702 
f 702//702 703//703 704//704 
f 703//703 705//705 704//704 
f 704//704 705//705 705//705 
f 705//705 706//706 705//705 
f 705//705 706//706 706//706 
f 706//706 707//707 706//706 
f 706//706 707//707 708//708 
f 707//707 707//707 708//708 
f 708//708 707//707 709//709 
f 707//707 710//710 709//709 
f 709//709 710//710 710//710 
f 710//710 711//711 710//710 
f 710//710 711//711 711//711 
f 711//711 712//712 711//711 
f 711//711 712//712 713//713 
f 712//712 712//712 713//713 
f 713//713 712//712 714//714 
f 712//712 712//712 714//714 
f 714//714 712//712 715//715 
f 712//712 712//712 715//715 
f 715//715 712//712 716//716 
f 712//712 717//717 716//716 
f 716//716 717//717 718//718 
f 717//717 717//717 718//718 
f 718//718 717//717 719//719 
f 717//717 720//720 719//719 
f 719//719 720//720 720//720 
f 720//720 721//721 720//720 
f 720//720 721//721 721//721 
f 721//721 722//722 721//721 
f 721//721 722//722 723//723 
f 722//722 724//724 723//723 
f 723//723 724//724 724//724 
f 724//724 721//721 724//724 
f 724//724 721//721 721//721 
f 721//721 723//723 721//721 
f 721//721 723//723 725//725 
f 723//723 723//723 725//725 
f 725//725 723//723 726//726 
f 723//723 723//723 726//726 
f 726//726 723//723 727//727 
f 723//723 723//723 727//727 
f 727//727 723//723 728//728 
f 723//723 729//729 728//728 
f 728//728 729//729 730//730 
f 729//729 729//729 730//730 
f 730//730 729//729 731//731 
f 729//729 729//729 731//731 
f 731//731 729//729 732//732 
f 729//729 733//733 732//732 
f 732//732 733//733 733//733 
f 733//733 722//722 733//733 
f 733//733 722//722 722//722 
f 722//722 734//734 722//722 
f 722//722 734//734 724//724 
f 734//734 735//735 724//724 
f 724//724 735//735 724//724 
f 735//735 736//736 724//724 
f 724//724 736//736 724//724 
f 736//736 737//737 724//724 
f 724//724 737//737 724//724 
f 737//737 738//738 724//724 
f 724//724 738//738 724//724 
f 738//738 739//739 724//724 
f 724//724 739//739 740//740 
f 739//739 741//741 740//740 
f 740//740 741//741 740//740 
f 741//741 742//742 740//740 
f 740//740 742//742 740//740 
f 742//742 743//743 740//740 
f 740//740 743//743 744//744 
f 743//743 744//744 744//744 
f 744//744 744//744 745//745 
f 744//744 745//745 745//745 
f 745//745 745//745 746//746 
f 745//745 747//747 746//746 
f 746//746 747//747 748//748 
f 747//747 749//749 748//748 
f 748//748 749//749 748//748 
f 749//749 750//750 748//748 
f 748//748 750//750 748//748 
f 750//750 751//751 748//748 
f 748//748 751//751 752//752 
f 751//751 752//752 752//752 
f 752//752 752//752 748//748 
f 752//752 748//748 748//748 
f 748//748 748//748 753//753 
f 748//748 754//754 753//753 
f 753//753 754//754 754//754 
f 754//754 755//755 754//754 
f 754//754 755//755 755//755 
f 755//755 756//756 755//755 
f 755//755 756//756 757//757 
f 756//756 756//756 757//757 
f 757//757 756//756 758//758 
f 756//756 756//756 758//758 
f 758//758 756//756 759//759 
f 756//756 756//756 759//759 
f 759//759 756//756 760//760 
f 756//756 756//756 760//760 
f 760//760 756//756 761//761 
f 756//756 756//756 761//761 
f 761//761 756//756 762//762 
f 756//756 756//756 762//762 
f 762//762 756//756 763//763 
f 756//756 764//764 763//763 

