mtllib model_4.mtl
o model_4
usemtl PharmacyMat
v 2.1322591304779053 7.446857929229736 10.03955364227295 
v 2.1877360343933105 7.404589653015137 10.03955364227295 
v 2.3244471549987793 7.618572235107422 10.03955364227295 
v 2.3581295013427734 7.555170059204102 10.03955364227295 
v 2.5522990226745605 7.679332733154297 10.03955364227295 
v 2.5622055530548096 7.608005046844482 10.03955364227295 
v 5.320202827453613 7.679332733154297 10.03955364227295 
v 5.310296535491943 7.608005046844482 10.03955364227295 
v 5.5480546951293945 7.618572235107422 10.03955364227295 
v 5.5143723487854 7.555170059204102 10.03955364227295 
v 5.740242958068848 7.446857929229736 10.03955364227295 
v 5.684765815734863 7.404589653015137 10.03955364227295 
v 1.9539402723312378 3.172490119934082 10.03955364227295 
v 2.0232863426208496 3.1777737140655518 10.03955364227295 
v 1.9539402723312378 6.868312358856201 10.03955364227295 
v 2.0232863426208496 6.8630290031433105 10.03955364227295 
v 5.87299108505249 7.185323715209961 10.03955364227295 
v 5.803645133972168 7.164189338684082 10.03955364227295 
v 5.9185614585876465 6.868312358856201 10.03955364227295 
v 5.849215507507324 6.8630290031433105 10.03955364227295 
v 5.9185614585876465 3.172490119934082 10.03955364227295 
v 5.849215507507324 3.1777737140655518 10.03955364227295 
v 5.87299108505249 2.8554790019989014 10.03955364227295 
v 5.803645133972168 2.876613140106201 10.03955364227295 
v 5.87299108505249 2.8554790019989014 10.03955364227295 
v 5.803645133972168 2.876613140106201 10.03955364227295 
v 5.740242958068848 2.593944787979126 10.03955364227295 
v 5.684765815734863 2.6362130641937256 10.03955364227295 
v 5.5480546951293945 2.4222304821014404 10.03955364227295 
v 5.5143723487854 2.4856326580047607 10.03955364227295 
v 5.320202827453613 2.3614699840545654 10.03955364227295 
v 5.310296535491943 2.432797431945801 10.03955364227295 
v 2.5522990226745605 2.3614699840545654 10.03955364227295 
v 2.5622055530548096 2.432797431945801 10.03955364227295 
v 2.3244471549987793 2.4222304821014404 10.03955364227295 
v 2.3581295013427734 2.4856326580047607 10.03955364227295 
v 2.1322591304779053 2.593944787979126 10.03955364227295 
v 2.1877360343933105 2.6362130641937256 10.03955364227295 
v 2.1322591304779053 2.593944787979126 10.03955364227295 
v 1.999510645866394 2.8554790019989014 10.03955364227295 
v 2.068856716156006 2.876613140106201 10.03955364227295 
v 1.9539402723312378 3.172490119934082 10.03955364227295 
v 2.0232863426208496 3.1777737140655518 10.03955364227295 
v 1.9083698987960815 6.8709540367126465 9.994815826416016 
v 1.9083698987960815 6.8709540367126465 9.668785095214844 
v 1.9083698987960815 3.1698484420776367 9.994815826416016 
v 1.9083698987960815 3.1698484420776367 9.668785095214844 
v 2.5483362674713135 7.724242687225342 9.668785095214844 
v 2.5483362674713135 7.724242687225342 9.994815826416016 
v 5.3241658210754395 7.724242687225342 9.668785095214844 
v 5.3241658210754395 7.724242687225342 9.994815826416016 
v 2.1877360343933105 7.404589653015137 10.03955364227295 
v 2.1322591304779053 7.446857929229736 10.03955364227295 
v 2.068856716156006 7.164189338684082 10.03955364227295 
v 1.999510645866394 7.185323715209961 10.03955364227295 
v 2.0232863426208496 6.8630290031433105 10.03955364227295 
v 1.9539402723312378 6.868312358856201 10.03955364227295 
v 2.302652597427368 7.658198833465576 9.668785095214844 
v 2.094614028930664 7.475917339324951 9.668785095214844 
v 2.302652597427368 7.658198833465576 9.994815826416016 
v 2.094614028930664 7.475917339324951 9.994815826416016 
v 5.964131832122803 6.8709540367126465 9.668785095214844 
v 5.964131832122803 6.8709540367126465 9.994815826416016 
v 5.964131832122803 3.1698484420776367 9.668785095214844 
v 5.964131832122803 3.1698484420776367 9.994815826416016 
v 2.068856716156006 3.180415391921997 9.668785095214844 
v 2.068856716156006 3.180415391921997 9.994815826416016 
v 2.112445831298828 2.8924636840820312 9.668785095214844 
v 2.112445831298828 2.8924636840820312 9.994815826416016 
v 5.3241658210754395 7.724242687225342 9.994815826416016 
v 5.569849491119385 7.658198833465576 9.994815826416016 
v 5.3241658210754395 7.724242687225342 9.668785095214844 
v 5.569849491119385 7.658198833465576 9.668785095214844 
v 2.5483362674713135 2.3165600299835205 9.994815826416016 
v 2.302652597427368 2.3826041221618652 9.994815826416016 
v 2.5483362674713135 2.3165600299835205 9.668785095214844 
v 2.302652597427368 2.3826041221618652 9.668785095214844 
v 2.068856716156006 6.860387325286865 9.994815826416016 
v 2.068856716156006 6.860387325286865 9.668785095214844 
v 2.112445831298828 7.148338794708252 9.994815826416016 
v 2.112445831298828 7.148338794708252 9.668785095214844 
v 2.5681495666503906 2.4777073860168457 9.994815826416016 
v 5.304352283477783 2.4777073860168457 9.994815826416016 
v 2.5681495666503906 2.4777073860168457 9.668785095214844 
v 5.304352283477783 2.4777073860168457 9.668785095214844 
v 5.647120952606201 2.6652724742889404 9.994815826416016 
v 5.647120952606201 2.6652724742889404 9.668785095214844 
v 5.492578029632568 2.525259017944336 9.994815826416016 
v 5.492578029632568 2.525259017944336 9.668785095214844 
v 2.112445831298828 2.8924636840820312 9.668785095214844 
v 2.112445831298828 2.8924636840820312 9.994815826416016 
v 2.2253811359405518 2.6652724742889404 9.668785095214844 
v 2.2253811359405518 2.6652724742889404 9.994815826416016 
v 2.3799240589141846 7.515543460845947 9.994815826416016 
v 2.3799240589141846 7.515543460845947 9.668785095214844 
v 2.5681495666503906 7.5630950927734375 9.994815826416016 
v 2.5681495666503906 7.5630950927734375 9.668785095214844 
v 2.2253811359405518 2.6652724742889404 9.668785095214844 
v 2.2253811359405518 2.6652724742889404 9.994815826416016 
v 2.3799240589141846 2.525259017944336 9.668785095214844 
v 2.3799240589141846 2.525259017944336 9.994815826416016 
v 2.068856716156006 3.180415391921997 9.668785095214844 
v 2.068856716156006 6.860387325286865 9.668785095214844 
v 2.068856716156006 3.180415391921997 9.994815826416016 
v 2.068856716156006 6.860387325286865 9.994815826416016 
v 5.304352283477783 7.5630950927734375 9.994815826416016 
v 2.5681495666503906 7.5630950927734375 9.994815826416016 
v 5.304352283477783 7.5630950927734375 9.668785095214844 
v 2.5681495666503906 7.5630950927734375 9.668785095214844 
v 2.112445831298828 7.148338794708252 9.994815826416016 
v 2.112445831298828 7.148338794708252 9.668785095214844 
v 2.2253811359405518 7.375530242919922 9.994815826416016 
v 2.2253811359405518 7.375530242919922 9.668785095214844 
v 5.492578029632568 2.525259017944336 9.994815826416016 
v 5.492578029632568 2.525259017944336 9.668785095214844 
v 5.304352283477783 2.4777073860168457 9.994815826416016 
v 5.304352283477783 2.4777073860168457 9.668785095214844 
v 2.2253811359405518 7.375530242919922 9.994815826416016 
v 2.2253811359405518 7.375530242919922 9.668785095214844 
v 2.3799240589141846 7.515543460845947 9.994815826416016 
v 2.3799240589141846 7.515543460845947 9.668785095214844 
v 5.803645133972168 3.180415391921997 9.994815826416016 
v 5.803645133972168 3.180415391921997 9.668785095214844 
v 5.760056018829346 2.8924636840820312 9.994815826416016 
v 5.760056018829346 2.8924636840820312 9.668785095214844 
v 5.760056018829346 2.8924636840820312 9.994815826416016 
v 5.760056018829346 2.8924636840820312 9.668785095214844 
v 5.647120952606201 2.6652724742889404 9.994815826416016 
v 5.647120952606201 2.6652724742889404 9.668785095214844 
v 5.803645133972168 6.860387325286865 9.668785095214844 
v 5.803645133972168 6.860387325286865 9.994815826416016 
v 5.760056018829346 7.148338794708252 9.668785095214844 
v 5.760056018829346 7.148338794708252 9.994815826416016 
v 5.803645133972168 3.180415391921997 9.994815826416016 
v 5.803645133972168 6.860387325286865 9.994815826416016 
v 5.803645133972168 3.180415391921997 9.668785095214844 
v 5.803645133972168 6.860387325286865 9.668785095214844 
v 5.760056018829346 7.148338794708252 9.668785095214844 
v 5.760056018829346 7.148338794708252 9.994815826416016 
v 5.647120952606201 7.375530242919922 9.668785095214844 
v 5.647120952606201 7.375530242919922 9.994815826416016 
v 5.647120952606201 7.375530242919922 9.668785095214844 
v 5.647120952606201 7.375530242919922 9.994815826416016 
v 5.492578029632568 7.515543460845947 9.668785095214844 
v 5.492578029632568 7.515543460845947 9.994815826416016 
v 5.492578029632568 7.515543460845947 9.668785095214844 
v 5.492578029632568 7.515543460845947 9.994815826416016 
v 5.304352283477783 7.5630950927734375 9.668785095214844 
v 5.304352283477783 7.5630950927734375 9.994815826416016 
v 2.3799240589141846 2.525259017944336 9.668785095214844 
v 2.3799240589141846 2.525259017944336 9.994815826416016 
v 2.5681495666503906 2.4777073860168457 9.668785095214844 
v 2.5681495666503906 2.4777073860168457 9.994815826416016 
v 2.5483362674713135 2.3165600299835205 9.668785095214844 
v 2.302652597427368 2.3826041221618652 9.668785095214844 
v 2.3799240589141846 2.525259017944336 9.668785095214844 
v 2.2253811359405518 2.6652724742889404 9.668785095214844 
v 2.094614028930664 2.564885377883911 9.668785095214844 
v 2.112445831298828 2.8924636840820312 9.668785095214844 
v 1.9579030275344849 2.8422703742980957 9.668785095214844 
v 2.068856716156006 3.180415391921997 9.668785095214844 
v 1.9083698987960815 3.1698484420776367 9.668785095214844 
v 2.068856716156006 6.860387325286865 9.668785095214844 
v 1.9083698987960815 6.8709540367126465 9.668785095214844 
v 2.112445831298828 7.148338794708252 9.668785095214844 
v 1.9579030275344849 7.198532581329346 9.668785095214844 
v 2.2253811359405518 7.375530242919922 9.668785095214844 
v 2.094614028930664 7.475917339324951 9.668785095214844 
v 2.3799240589141846 7.515543460845947 9.668785095214844 
v 2.302652597427368 7.658198833465576 9.668785095214844 
v 2.5681495666503906 7.5630950927734375 9.668785095214844 
v 2.5483362674713135 7.724242687225342 9.668785095214844 
v 5.304352283477783 7.5630950927734375 9.668785095214844 
v 5.3241658210754395 7.724242687225342 9.668785095214844 
v 5.492578029632568 7.515543460845947 9.668785095214844 
v 5.569849491119385 7.658198833465576 9.668785095214844 
v 5.647120952606201 7.375530242919922 9.668785095214844 
v 5.77788782119751 7.475917339324951 9.668785095214844 
v 5.760056018829346 7.148338794708252 9.668785095214844 
v 5.9145989418029785 7.198532581329346 9.668785095214844 
v 5.803645133972168 6.860387325286865 9.668785095214844 
v 5.964131832122803 6.8709540367126465 9.668785095214844 
v 5.803645133972168 3.180415391921997 9.668785095214844 
v 5.964131832122803 3.1698484420776367 9.668785095214844 
v 5.760056018829346 2.8924636840820312 9.668785095214844 
v 5.9145989418029785 2.8422703742980957 9.668785095214844 
v 5.647120952606201 2.6652724742889404 9.668785095214844 
v 5.77788782119751 2.564885377883911 9.668785095214844 
v 5.492578029632568 2.525259017944336 9.668785095214844 
v 5.569849491119385 2.3826041221618652 9.668785095214844 
v 5.304352283477783 2.4777073860168457 9.668785095214844 
v 5.3241658210754395 2.3165600299835205 9.668785095214844 
v 2.5681495666503906 2.4777073860168457 9.668785095214844 
v 2.302652597427368 2.3826041221618652 9.994815826416016 
v 2.302652597427368 2.3826041221618652 9.668785095214844 
v 2.094614028930664 2.564885377883911 9.994815826416016 
v 2.094614028930664 2.564885377883911 9.668785095214844 
v 2.094614028930664 2.564885377883911 9.994815826416016 
v 2.094614028930664 2.564885377883911 9.668785095214844 
v 1.9579030275344849 2.8422703742980957 9.994815826416016 
v 1.9579030275344849 2.8422703742980957 9.668785095214844 
v 1.9579030275344849 2.8422703742980957 9.994815826416016 
v 1.9579030275344849 2.8422703742980957 9.668785095214844 
v 1.9083698987960815 3.1698484420776367 9.994815826416016 
v 1.9083698987960815 3.1698484420776367 9.668785095214844 
v 2.5483362674713135 7.724242687225342 9.668785095214844 
v 2.5483362674713135 7.724242687225342 9.994815826416016 
v 2.302652597427368 7.658198833465576 9.668785095214844 
v 2.302652597427368 7.658198833465576 9.994815826416016 
v 2.094614028930664 7.475917339324951 9.668785095214844 
v 2.094614028930664 7.475917339324951 9.994815826416016 
v 1.9579030275344849 7.198532581329346 9.668785095214844 
v 1.9579030275344849 7.198532581329346 9.994815826416016 
v 1.9579030275344849 7.198532581329346 9.668785095214844 
v 1.9579030275344849 7.198532581329346 9.994815826416016 
v 1.9083698987960815 6.8709540367126465 9.668785095214844 
v 1.9083698987960815 6.8709540367126465 9.994815826416016 
v 5.3241658210754395 2.3165600299835205 9.668785095214844 
v 5.3241658210754395 2.3165600299835205 9.994815826416016 
v 5.569849491119385 2.3826041221618652 9.668785095214844 
v 5.569849491119385 2.3826041221618652 9.994815826416016 
v 5.77788782119751 2.564885377883911 9.668785095214844 
v 5.77788782119751 2.564885377883911 9.994815826416016 
v 5.9145989418029785 2.8422703742980957 9.668785095214844 
v 5.9145989418029785 2.8422703742980957 9.994815826416016 
v 5.9145989418029785 2.8422703742980957 9.668785095214844 
v 5.9145989418029785 2.8422703742980957 9.994815826416016 
v 5.964131832122803 3.1698484420776367 9.668785095214844 
v 5.964131832122803 3.1698484420776367 9.994815826416016 
v 5.740242958068848 7.446857929229736 10.03955364227295 
v 5.87299108505249 7.185323715209961 10.03955364227295 
v 5.684765815734863 7.404589653015137 10.03955364227295 
v 5.803645133972168 7.164189338684082 10.03955364227295 
v 5.569849491119385 7.658198833465576 9.994815826416016 
v 5.569849491119385 7.658198833465576 9.668785095214844 
v 5.77788782119751 7.475917339324951 9.994815826416016 
v 5.77788782119751 7.475917339324951 9.668785095214844 
v 5.77788782119751 7.475917339324951 9.994815826416016 
v 5.77788782119751 7.475917339324951 9.668785095214844 
v 5.9145989418029785 7.198532581329346 9.994815826416016 
v 5.9145989418029785 7.198532581329346 9.668785095214844 
v 5.9145989418029785 7.198532581329346 9.994815826416016 
v 5.9145989418029785 7.198532581329346 9.668785095214844 
v 5.964131832122803 6.8709540367126465 9.994815826416016 
v 5.964131832122803 6.8709540367126465 9.668785095214844 
v 5.3241658210754395 2.3165600299835205 9.668785095214844 
v 2.5483362674713135 2.3165600299835205 9.668785095214844 
v 5.3241658210754395 2.3165600299835205 9.994815826416016 
v 2.5483362674713135 2.3165600299835205 9.994815826416016 
v 5.569849491119385 2.3826041221618652 9.668785095214844 
v 5.569849491119385 2.3826041221618652 9.994815826416016 
v 5.77788782119751 2.564885377883911 9.668785095214844 
v 5.77788782119751 2.564885377883911 9.994815826416016 
v 2.5483362674713135 2.3165600299835205 9.994815826416016 
v 2.302652597427368 2.3826041221618652 9.994815826416016 
v 2.5522990226745605 2.3614699840545654 10.03955364227295 
v 2.3244471549987793 2.4222304821014404 10.03955364227295 
v 2.302652597427368 2.3826041221618652 9.994815826416016 
v 2.094614028930664 2.564885377883911 9.994815826416016 
v 2.1322591304779053 2.593944787979126 10.03955364227295 
v 1.999510645866394 2.8554790019989014 10.03955364227295 
v 2.1322591304779053 2.593944787979126 10.03955364227295 
v 1.9579030275344849 2.8422703742980957 9.994815826416016 
v 2.094614028930664 2.564885377883911 9.994815826416016 
v 1.9539402723312378 3.172490119934082 10.03955364227295 
v 1.999510645866394 2.8554790019989014 10.03955364227295 
v 1.9083698987960815 3.1698484420776367 9.994815826416016 
v 1.9579030275344849 2.8422703742980957 9.994815826416016 
v 2.5522990226745605 7.679332733154297 10.03955364227295 
v 2.3244471549987793 7.618572235107422 10.03955364227295 
v 2.5483362674713135 7.724242687225342 9.994815826416016 
v 2.302652597427368 7.658198833465576 9.994815826416016 
v 2.3244471549987793 7.618572235107422 10.03955364227295 
v 2.1322591304779053 7.446857929229736 10.03955364227295 
v 2.302652597427368 7.658198833465576 9.994815826416016 
v 2.094614028930664 7.475917339324951 9.994815826416016 
v 2.1322591304779053 7.446857929229736 10.03955364227295 
v 1.999510645866394 7.185323715209961 10.03955364227295 
v 2.094614028930664 7.475917339324951 9.994815826416016 
v 1.9579030275344849 7.198532581329346 9.994815826416016 
v 1.999510645866394 7.185323715209961 10.03955364227295 
v 1.9539402723312378 6.868312358856201 10.03955364227295 
v 1.9579030275344849 7.198532581329346 9.994815826416016 
v 1.9083698987960815 6.8709540367126465 9.994815826416016 
v 5.320202827453613 2.3614699840545654 10.03955364227295 
v 5.5480546951293945 2.4222304821014404 10.03955364227295 
v 5.3241658210754395 2.3165600299835205 9.994815826416016 
v 5.569849491119385 2.3826041221618652 9.994815826416016 
v 5.5480546951293945 2.4222304821014404 10.03955364227295 
v 5.740242958068848 2.593944787979126 10.03955364227295 
v 5.569849491119385 2.3826041221618652 9.994815826416016 
v 5.77788782119751 2.564885377883911 9.994815826416016 
v 5.740242958068848 2.593944787979126 10.03955364227295 
v 5.87299108505249 2.8554790019989014 10.03955364227295 
v 5.77788782119751 2.564885377883911 9.994815826416016 
v 5.9145989418029785 2.8422703742980957 9.994815826416016 
v 5.87299108505249 2.8554790019989014 10.03955364227295 
v 5.9185614585876465 3.172490119934082 10.03955364227295 
v 5.9145989418029785 2.8422703742980957 9.994815826416016 
v 5.964131832122803 3.1698484420776367 9.994815826416016 
v 5.3241658210754395 7.724242687225342 9.994815826416016 
v 5.569849491119385 7.658198833465576 9.994815826416016 
v 5.320202827453613 7.679332733154297 10.03955364227295 
v 5.5480546951293945 7.618572235107422 10.03955364227295 
v 5.569849491119385 7.658198833465576 9.994815826416016 
v 5.77788782119751 7.475917339324951 9.994815826416016 
v 5.740242958068848 7.446857929229736 10.03955364227295 
v 5.87299108505249 7.185323715209961 10.03955364227295 
v 5.740242958068848 7.446857929229736 10.03955364227295 
v 5.9145989418029785 7.198532581329346 9.994815826416016 
v 5.77788782119751 7.475917339324951 9.994815826416016 
v 5.9185614585876465 6.868312358856201 10.03955364227295 
v 5.87299108505249 7.185323715209961 10.03955364227295 
v 5.964131832122803 6.8709540367126465 9.994815826416016 
v 5.9145989418029785 7.198532581329346 9.994815826416016 
v 2.5522990226745605 2.3614699840545654 10.03955364227295 
v 5.320202827453613 2.3614699840545654 10.03955364227295 
v 2.5483362674713135 2.3165600299835205 9.994815826416016 
v 5.3241658210754395 2.3165600299835205 9.994815826416016 
v 1.9539402723312378 6.868312358856201 10.03955364227295 
v 1.9539402723312378 3.172490119934082 10.03955364227295 
v 1.9083698987960815 6.8709540367126465 9.994815826416016 
v 1.9083698987960815 3.1698484420776367 9.994815826416016 
v 5.320202827453613 7.679332733154297 10.03955364227295 
v 2.5522990226745605 7.679332733154297 10.03955364227295 
v 5.3241658210754395 7.724242687225342 9.994815826416016 
v 2.5483362674713135 7.724242687225342 9.994815826416016 
v 5.9185614585876465 3.172490119934082 10.03955364227295 
v 5.9185614585876465 6.868312358856201 10.03955364227295 
v 5.964131832122803 3.1698484420776367 9.994815826416016 
v 5.964131832122803 6.8709540367126465 9.994815826416016 
v 2.3799240589141846 2.525259017944336 9.994815826416016 
v 2.5681495666503906 2.4777073860168457 9.994815826416016 
v 2.3581295013427734 2.4856326580047607 10.03955364227295 
v 2.5622055530548096 2.432797431945801 10.03955364227295 
v 2.2253811359405518 2.6652724742889404 9.994815826416016 
v 2.3799240589141846 2.525259017944336 9.994815826416016 
v 2.1877360343933105 2.6362130641937256 10.03955364227295 
v 2.3581295013427734 2.4856326580047607 10.03955364227295 
v 2.112445831298828 2.8924636840820312 9.994815826416016 
v 2.2253811359405518 2.6652724742889404 9.994815826416016 
v 2.068856716156006 2.876613140106201 10.03955364227295 
v 2.1877360343933105 2.6362130641937256 10.03955364227295 
v 2.068856716156006 3.180415391921997 9.994815826416016 
v 2.112445831298828 2.8924636840820312 9.994815826416016 
v 2.0232863426208496 3.1777737140655518 10.03955364227295 
v 2.068856716156006 2.876613140106201 10.03955364227295 
v 2.5681495666503906 7.5630950927734375 9.994815826416016 
v 2.3799240589141846 7.515543460845947 9.994815826416016 
v 2.5622055530548096 7.608005046844482 10.03955364227295 
v 2.3581295013427734 7.555170059204102 10.03955364227295 
v 2.1877360343933105 7.404589653015137 10.03955364227295 
v 2.2253811359405518 7.375530242919922 9.994815826416016 
v 2.3799240589141846 7.515543460845947 9.994815826416016 
v 2.2253811359405518 7.375530242919922 9.994815826416016 
v 2.112445831298828 7.148338794708252 9.994815826416016 
v 2.1877360343933105 7.404589653015137 10.03955364227295 
v 2.068856716156006 7.164189338684082 10.03955364227295 
v 2.112445831298828 7.148338794708252 9.994815826416016 
v 2.068856716156006 6.860387325286865 9.994815826416016 
v 2.068856716156006 7.164189338684082 10.03955364227295 
v 2.0232863426208496 6.8630290031433105 10.03955364227295 
v 5.304352283477783 2.4777073860168457 9.994815826416016 
v 5.492578029632568 2.525259017944336 9.994815826416016 
v 5.310296535491943 2.432797431945801 10.03955364227295 
v 5.5143723487854 2.4856326580047607 10.03955364227295 
v 5.492578029632568 2.525259017944336 9.994815826416016 
v 5.647120952606201 2.6652724742889404 9.994815826416016 
v 5.5143723487854 2.4856326580047607 10.03955364227295 
v 5.684765815734863 2.6362130641937256 10.03955364227295 
v 5.647120952606201 2.6652724742889404 9.994815826416016 
v 5.760056018829346 2.8924636840820312 9.994815826416016 
v 5.684765815734863 2.6362130641937256 10.03955364227295 
v 5.803645133972168 2.876613140106201 10.03955364227295 
v 5.760056018829346 2.8924636840820312 9.994815826416016 
v 5.803645133972168 3.180415391921997 9.994815826416016 
v 5.803645133972168 2.876613140106201 10.03955364227295 
v 5.849215507507324 3.1777737140655518 10.03955364227295 
v 5.492578029632568 7.515543460845947 9.994815826416016 
v 5.304352283477783 7.5630950927734375 9.994815826416016 
v 5.5143723487854 7.555170059204102 10.03955364227295 
v 5.310296535491943 7.608005046844482 10.03955364227295 
v 5.647120952606201 7.375530242919922 9.994815826416016 
v 5.492578029632568 7.515543460845947 9.994815826416016 
v 5.684765815734863 7.404589653015137 10.03955364227295 
v 5.5143723487854 7.555170059204102 10.03955364227295 
v 5.760056018829346 7.148338794708252 9.994815826416016 
v 5.647120952606201 7.375530242919922 9.994815826416016 
v 5.803645133972168 7.164189338684082 10.03955364227295 
v 5.684765815734863 7.404589653015137 10.03955364227295 
v 5.803645133972168 6.860387325286865 9.994815826416016 
v 5.760056018829346 7.148338794708252 9.994815826416016 
v 5.849215507507324 6.8630290031433105 10.03955364227295 
v 5.803645133972168 7.164189338684082 10.03955364227295 
v 2.5681495666503906 2.4777073860168457 9.994815826416016 
v 5.304352283477783 2.4777073860168457 9.994815826416016 
v 2.5622055530548096 2.432797431945801 10.03955364227295 
v 5.310296535491943 2.432797431945801 10.03955364227295 
v 2.068856716156006 6.860387325286865 9.994815826416016 
v 2.068856716156006 3.180415391921997 9.994815826416016 
v 2.0232863426208496 6.8630290031433105 10.03955364227295 
v 2.0232863426208496 3.1777737140655518 10.03955364227295 
v 5.304352283477783 7.5630950927734375 9.994815826416016 
v 2.5681495666503906 7.5630950927734375 9.994815826416016 
v 5.310296535491943 7.608005046844482 10.03955364227295 
v 2.5622055530548096 7.608005046844482 10.03955364227295 
v 5.803645133972168 3.180415391921997 9.994815826416016 
v 5.803645133972168 6.860387325286865 9.994815826416016 
v 5.849215507507324 3.1777737140655518 10.03955364227295 
v 5.849215507507324 6.8630290031433105 10.03955364227295 
v 8.31478500366211 7.347623348236084 5.474124908447266 
v 8.31478500366211 7.309978485107422 5.411713123321533 
v 8.314784049987793 7.541792869567871 5.280946254730225 
v 8.314784049987793 7.482353210449219 5.239338397979736 
v 8.314784049987793 7.674541473388672 4.983747959136963 
v 8.314784049987793 7.605195045471191 4.962944030761719 
v 8.314784049987793 7.720111846923828 4.627110481262207 
v 8.314784049987793 7.650765419006348 4.621166706085205 
v 8.314784049987793 7.720111846923828 0.4633665382862091 
v 8.314784049987793 7.650765419006348 0.46931031346321106 
v 8.314784049987793 7.674541473388672 0.10672882199287415 
v 8.314784049987793 7.605195045471191 0.1275327503681183 
v 8.314784049987793 7.541792869567871 -0.19046923518180847 
v 8.314784049987793 7.482353210449219 -0.1488613784313202 
v 8.31478500366211 4.127978324890137 5.474124908447266 
v 8.31478500366211 4.165623664855957 5.411713123321533 
v 8.31478500366211 4.355830192565918 5.54248046875 
v 8.31478500366211 4.365736961364746 5.4711527824401855 
v 8.31478500366211 7.119771957397461 5.54248046875 
v 8.31478500366211 7.109865188598633 5.4711527824401855 
v 8.31478500366211 7.347623348236084 5.474124908447266 
v 8.31478500366211 7.309978485107422 5.411713123321533 
v 8.314783096313477 7.347623348236084 -0.3836478888988495 
v 8.314784049987793 7.309978485107422 -0.32123634219169617 
v 8.314783096313477 7.119771957397461 -0.45200344920158386 
v 8.314783096313477 7.109865188598633 -0.3806760013103485 
v 8.314783096313477 4.355830192565918 -0.45200344920158386 
v 8.314783096313477 4.365736961364746 -0.3806760013103485 
v 8.314783096313477 4.127978324890137 -0.3836478888988495 
v 8.314784049987793 4.165623664855957 -0.32123634219169617 
v 8.314784049987793 3.801060676574707 0.10672882199287415 
v 8.314784049987793 3.8704068660736084 0.1275327503681183 
v 8.314784049987793 3.755490303039551 0.4633665382862091 
v 8.314784049987793 3.824836492538452 0.46931031346321106 
v 8.314784049987793 3.755490303039551 4.627110481262207 
v 8.314784049987793 3.824836492538452 4.621166706085205 
v 8.314784049987793 3.801060676574707 4.983747959136963 
v 8.314784049987793 3.8704068660736084 4.962944030761719 
v 8.314784049987793 3.801060676574707 4.983747959136963 
v 8.314784049987793 3.8704068660736084 4.962944030761719 
v 8.314784049987793 3.933809280395508 5.280946254730225 
v 8.314784049987793 3.993248701095581 5.239338397979736 
v 8.31478500366211 4.127978324890137 5.474124908447266 
v 8.31478500366211 4.165623664855957 5.411713123321533 
v 8.266274452209473 7.125715732574463 5.58705997467041 
v 7.75692081451416 7.125715732574463 5.58705997467041 
v 8.266274452209473 4.349886417388916 5.58705997467041 
v 7.75692081451416 4.349886417388916 5.58705997467041 
v 7.75692081451416 4.104202747344971 5.512760639190674 
v 8.266274452209473 4.104202747344971 5.512760639190674 
v 8.266274452209473 4.104202747344971 5.512760639190674 
v 7.75692081451416 3.8961641788482666 5.307693958282471 
v 8.266274452209473 3.8961641788482666 5.307693958282471 
v 7.75692081451416 3.759453058242798 4.995635986328125 
v 8.266274452209473 3.759453058242798 4.995635986328125 
v 8.266274452209473 3.759453058242798 4.995635986328125 
v 7.75692081451416 3.7099199295043945 4.627110481262207 
v 8.266274452209473 3.7099199295043945 4.627110481262207 
v 8.266274452209473 3.7099199295043945 4.627110481262207 
v 8.266273498535156 3.7099199295043945 0.4633665382862091 
v 7.756919860839844 3.7099199295043945 0.46336662769317627 
v 7.756919860839844 3.759453058242798 0.0948411226272583 
v 8.266273498535156 3.759453058242798 0.09484104067087173 
v 7.756919860839844 3.8961641788482666 -0.2172168493270874 
v 8.266273498535156 3.8961641788482666 -0.21721693873405457 
v 8.266273498535156 3.8961641788482666 -0.21721693873405457 
v 7.756919860839844 4.104202747344971 -0.4222835302352905 
v 8.266273498535156 4.104202747344971 -0.4222836196422577 
v 8.266273498535156 4.104202747344971 -0.4222836196422577 
v 7.756919860839844 4.349886417388916 -0.49658310413360596 
v 8.266273498535156 4.349886417388916 -0.4965831935405731 
v 8.266273498535156 4.349886417388916 -0.4965831935405731 
v 8.266273498535156 7.125715732574463 -0.4965831935405731 
v 7.756919860839844 7.125715732574463 -0.49658310413360596 
v 7.756919860839844 7.371399402618408 -0.4222835302352905 
v 8.266273498535156 7.371399402618408 -0.4222836196422577 
v 7.756919860839844 7.579437732696533 -0.2172168493270874 
v 8.266273498535156 7.579437732696533 -0.21721693873405457 
v 7.756919860839844 7.716148853302002 0.0948411226272583 
v 8.266273498535156 7.716148853302002 0.09484104067087173 
v 8.266273498535156 7.716148853302002 0.09484104067087173 
v 7.756919860839844 7.765682220458984 0.46336662769317627 
v 8.266273498535156 7.765682220458984 0.4633665382862091 
v 8.266273498535156 7.765682220458984 0.4633665382862091 
v 8.266274452209473 7.765682220458984 4.627110481262207 
v 7.75692081451416 7.765682220458984 4.627110481262207 
v 8.266274452209473 7.765682220458984 4.627110481262207 
v 7.75692081451416 7.716148853302002 4.995635986328125 
v 8.266274452209473 7.716148853302002 4.995635986328125 
v 7.75692081451416 7.579437732696533 5.307693958282471 
v 8.266274452209473 7.579437732696533 5.307693958282471 
v 8.266274452209473 7.579437732696533 5.307693958282471 
v 7.75692081451416 7.371399402618408 5.512760639190674 
v 8.266274452209473 7.371399402618408 5.512760639190674 
v 8.266274452209473 7.125715732574463 5.58705997467041 
v 8.314784049987793 3.8704068660736084 0.1275327503681183 
v 8.314784049987793 3.993248701095581 -0.1488613784313202 
v 8.314784049987793 3.801060676574707 0.10672882199287415 
v 8.314784049987793 3.933809280395508 -0.19046923518180847 
v 8.314784049987793 4.165623664855957 -0.32123634219169617 
v 8.314783096313477 4.127978324890137 -0.3836478888988495 
v -8.235169410705566 4.165623664855957 5.411715984344482 
v -8.235169410705566 4.127978324890137 5.474127292633057 
v -8.235169410705566 4.365736961364746 5.471155643463135 
v -8.235169410705566 4.355830192565918 5.542482852935791 
v -8.235169410705566 7.109865188598633 5.471155643463135 
v -8.235169410705566 7.119771957397461 5.542482852935791 
v -8.235169410705566 7.309978485107422 5.411715984344482 
v -8.235169410705566 7.347623348236084 5.474127292633057 
v -8.235170364379883 7.347623348236084 -0.38364508748054504 
v -8.235170364379883 7.309978485107422 -0.3212335407733917 
v -8.235170364379883 7.541792869567871 -0.19046644866466522 
v -8.235170364379883 7.482353210449219 -0.14885859191417694 
v -8.235170364379883 7.674541473388672 0.1067316085100174 
v -8.235170364379883 7.605195045471191 0.12753553688526154 
v -8.235170364379883 7.720111846923828 0.46336933970451355 
v -8.235170364379883 7.650765419006348 0.4693131148815155 
v -8.235169410705566 7.720111846923828 4.627113342285156 
v -8.235169410705566 7.650765419006348 4.621169090270996 
v -8.235169410705566 7.674541473388672 4.983750820159912 
v -8.235169410705566 7.605195045471191 4.962946891784668 
v -8.235169410705566 7.541792869567871 5.280948638916016 
v -8.235169410705566 7.482353210449219 5.239340782165527 
v -8.235169410705566 7.482353210449219 5.239340782165527 
v -8.235169410705566 7.347623348236084 5.474127292633057 
v -8.235169410705566 7.309978485107422 5.411715984344482 
v -8.235170364379883 4.127978324890137 -0.38364508748054504 
v -8.235170364379883 4.165623664855957 -0.3212335407733917 
v -8.235170364379883 4.355830192565918 -0.4520006477832794 
v -8.235170364379883 4.365736961364746 -0.38067319989204407 
v -8.235170364379883 7.119771957397461 -0.4520006477832794 
v -8.235170364379883 7.109865188598633 -0.38067319989204407 
v -8.235170364379883 7.347623348236084 -0.38364508748054504 
v -8.235170364379883 7.309978485107422 -0.3212335407733917 
v -8.235169410705566 3.801060676574707 4.983750820159912 
v -8.235169410705566 3.8704068660736084 4.962946891784668 
v -8.235169410705566 3.755490303039551 4.627113342285156 
v -8.235169410705566 3.824836492538452 4.621169090270996 
v -8.235170364379883 3.755490303039551 0.46336933970451355 
v -8.235170364379883 3.824836492538452 0.4693131148815155 
v -8.235170364379883 3.801060676574707 0.1067316085100174 
v -8.235170364379883 3.8704068660736084 0.12753553688526154 
v -8.235169410705566 3.8704068660736084 4.962946891784668 
v -8.235169410705566 3.801060676574707 4.983750820159912 
v -8.235169410705566 3.993248701095581 5.239340782165527 
v -8.235169410705566 3.933809280395508 5.280948638916016 
v -8.235169410705566 4.165623664855957 5.411715984344482 
v -8.235169410705566 4.127978324890137 5.474127292633057 
v -8.186659812927246 4.104202747344971 5.512763023376465 
v -7.677305698394775 4.104202747344971 5.512763023376465 
v -8.186659812927246 4.349886417388916 5.587062835693359 
v -7.677305698394775 4.349886417388916 5.587062835693359 
v -7.677305698394775 7.125715732574463 5.587062835693359 
v -8.186659812927246 7.125715732574463 5.587062835693359 
v -8.186659812927246 7.371399402618408 5.512763023376465 
v -7.677305698394775 7.371399402618408 5.512763023376465 
v -8.186659812927246 7.579437732696533 5.307696342468262 
v -7.677305698394775 7.579437732696533 5.307696342468262 
v -8.186659812927246 7.579437732696533 5.307696342468262 
v -8.186659812927246 7.716148853302002 4.995638847351074 
v -7.677305698394775 7.716148853302002 4.995638847351074 
v -8.186659812927246 7.765682220458984 4.627113342285156 
v -7.677305698394775 7.765682220458984 4.627113342285156 
v -7.677306175231934 7.765682220458984 0.463369220495224 
v -8.186660766601562 7.765682220458984 0.46336930990219116 
v -8.186660766601562 7.716148853302002 0.09484381228685379 
v -7.677306175231934 7.716148853302002 0.09484373033046722 
v -8.186660766601562 7.579437732696533 -0.21721415221691132 
v -7.677306652069092 7.579437732696533 -0.21721424162387848 
v -8.186660766601562 7.371399402618408 -0.42228084802627563 
v -7.677306652069092 7.371399402618408 -0.4222809374332428 
v -8.186660766601562 7.125715732574463 -0.49658042192459106 
v -7.677306652069092 7.125715732574463 -0.4965805113315582 
v -7.677306652069092 4.349886417388916 -0.4965805113315582 
v -8.186660766601562 4.349886417388916 -0.49658042192459106 
v -8.186660766601562 4.349886417388916 -0.49658042192459106 
v -8.186660766601562 4.104202747344971 -0.42228084802627563 
v -7.677306652069092 4.104202747344971 -0.4222809374332428 
v -8.186660766601562 3.8961641788482666 -0.21721415221691132 
v -7.677306652069092 3.8961641788482666 -0.21721424162387848 
v -8.186660766601562 3.759453058242798 0.09484381228685379 
v -7.677306175231934 3.759453058242798 0.09484373033046722 
v -8.186660766601562 3.7099199295043945 0.46336930990219116 
v -7.677306175231934 3.7099199295043945 0.463369220495224 
v -7.677305698394775 3.7099199295043945 4.627113342285156 
v -8.186659812927246 3.7099199295043945 4.627113342285156 
v -8.186659812927246 3.759453058242798 4.995638847351074 
v -7.677305698394775 3.759453058242798 4.995638847351074 
v -8.186659812927246 3.8961641788482666 5.307696342468262 
v -7.677305698394775 3.8961641788482666 5.307696342468262 
v -8.186659812927246 4.104202747344971 5.512763023376465 
v -8.235170364379883 3.801060676574707 0.1067316085100174 
v -8.235170364379883 3.8704068660736084 0.12753553688526154 
v -8.235170364379883 3.933809280395508 -0.19046644866466522 
v -8.235170364379883 3.993248701095581 -0.14885859191417694 
v -8.235170364379883 4.127978324890137 -0.38364508748054504 
v -8.235170364379883 4.165623664855957 -0.3212335407733917 
v 8.266274452209473 4.030893802642822 5.215562343597412 
v 7.75692081451416 4.030893802642822 5.215562343597412 
v 8.266274452209473 4.189399242401123 5.373077392578125 
v 7.75692081451416 4.189399242401123 5.373077392578125 
v 8.266274452209473 4.371680736541748 5.426573276519775 
v 7.75692081451416 4.371680736541748 5.426573276519775 
v 8.266274452209473 4.030893802642822 5.215562343597412 
v 7.75692081451416 3.9139959812164307 4.951056480407715 
v 8.266274452209473 3.9139959812164307 4.951056480407715 
v 7.75692081451416 3.8704068660736084 4.618194580078125 
v 8.266274452209473 3.8704068660736084 4.618194580078125 
v 8.266274452209473 3.8704068660736084 4.618194580078125 
v 8.266273498535156 3.8704068660736084 0.47228243947029114 
v 7.756919860839844 3.8704068660736084 0.4722825288772583 
v 8.266273498535156 3.8704068660736084 0.47228243947029114 
v 7.756919860839844 3.9139959812164307 0.13942062854766846 
v 8.266273498535156 3.9139959812164307 0.1394205391407013 
v 7.756919860839844 4.030893802642822 -0.1250854730606079 
v 8.266273498535156 4.030893802642822 -0.12508556246757507 
v 8.266273498535156 4.030893802642822 -0.12508556246757507 
v 7.756919860839844 4.189399242401123 -0.2826005220413208 
v 8.266273498535156 4.189399242401123 -0.28260061144828796 
v 7.756919860839844 4.371680736541748 -0.3360961675643921 
v 8.266273498535156 4.371680736541748 -0.33609625697135925 
v 8.266273498535156 7.103921413421631 -0.33609625697135925 
v 7.756919860839844 7.103921413421631 -0.3360961675643921 
v 7.756919860839844 7.286202430725098 -0.2826005220413208 
v 8.266273498535156 7.103921413421631 -0.33609625697135925 
v 8.266273498535156 7.286202430725098 -0.28260061144828796 
v 7.756919860839844 7.444708347320557 -0.1250854730606079 
v 8.266273498535156 7.444708347320557 -0.12508556246757507 
v 8.266273498535156 7.444708347320557 -0.12508556246757507 
v 7.756919860839844 7.561605930328369 0.13942062854766846 
v 8.266273498535156 7.561605930328369 0.1394205391407013 
v 7.756919860839844 7.605195045471191 0.4722825288772583 
v 8.266273498535156 7.605195045471191 0.47228243947029114 
v 8.266274452209473 7.605195045471191 4.618194580078125 
v 7.75692081451416 7.605195045471191 4.618194580078125 
v 7.75692081451416 7.561605930328369 4.951056480407715 
v 8.266274452209473 7.605195045471191 4.618194580078125 
v 8.266274452209473 7.561605930328369 4.951056480407715 
v 7.75692081451416 7.444708347320557 5.215562343597412 
v 8.266274452209473 7.561605930328369 4.951056480407715 
v 8.266274452209473 7.444708347320557 5.215562343597412 
v 7.75692081451416 7.286202430725098 5.373077392578125 
v 8.266274452209473 7.444708347320557 5.215562343597412 
v 8.266274452209473 7.286202430725098 5.373077392578125 
v 7.75692081451416 7.103921413421631 5.426573276519775 
v 8.266274452209473 7.103921413421631 5.426573276519775 
v 8.266274452209473 4.371680736541748 5.426573276519775 
v 8.266274452209473 7.103921413421631 5.426573276519775 
v -8.186659812927246 3.9139959812164307 4.951058864593506 
v -8.186659812927246 4.030893802642822 5.215565204620361 
v -7.677305698394775 3.9139959812164307 4.951058864593506 
v -7.677305698394775 4.030893802642822 5.215565204620361 
v -8.186659812927246 4.189399242401123 5.373080253601074 
v -7.677305698394775 4.189399242401123 5.373080253601074 
v -8.186659812927246 4.371680736541748 5.426575660705566 
v -7.677305698394775 4.371680736541748 5.426575660705566 
v -8.186659812927246 3.9139959812164307 4.951058864593506 
v -7.677305698394775 3.8704068660736084 4.618196964263916 
v -8.186659812927246 3.8704068660736084 4.618196964263916 
v -8.186660766601562 3.8704068660736084 0.4722852110862732 
v -7.677306175231934 3.8704068660736084 0.47228512167930603 
v -7.677306175231934 3.9139959812164307 0.13942323625087738 
v -8.186660766601562 3.9139959812164307 0.13942332565784454 
v -7.677306652069092 4.030893802642822 -0.125082865357399 
v -8.186660766601562 4.030893802642822 -0.12508277595043182 
v -7.677306652069092 4.189399242401123 -0.28259792923927307 
v -8.186660766601562 4.189399242401123 -0.2825978398323059 
v -8.186660766601562 4.189399242401123 -0.2825978398323059 
v -7.677306652069092 4.371680736541748 -0.33609357476234436 
v -8.186660766601562 4.371680736541748 -0.3360934853553772 
v -8.186660766601562 7.103921413421631 -0.3360934853553772 
v -7.677306652069092 7.103921413421631 -0.33609357476234436 
v -7.677306652069092 7.286202430725098 -0.28259792923927307 
v -8.186660766601562 7.286202430725098 -0.2825978398323059 
v -7.677306652069092 7.444708347320557 -0.125082865357399 
v -8.186660766601562 7.444708347320557 -0.12508277595043182 
v -7.677306175231934 7.561605930328369 0.13942323625087738 
v -8.186660766601562 7.561605930328369 0.13942332565784454 
v -7.677306175231934 7.605195045471191 0.47228512167930603 
v -8.186660766601562 7.605195045471191 0.4722852110862732 
v -8.186659812927246 7.605195045471191 4.618196964263916 
v -7.677305698394775 7.605195045471191 4.618196964263916 
v -7.677305698394775 7.561605930328369 4.951058864593506 
v -8.186659812927246 7.561605930328369 4.951058864593506 
v -8.186659812927246 7.561605930328369 4.951058864593506 
v -7.677305698394775 7.444708347320557 5.215565204620361 
v -8.186659812927246 7.444708347320557 5.215565204620361 
v -7.677305698394775 7.286202430725098 5.373080253601074 
v -8.186659812927246 7.286202430725098 5.373080253601074 
v -7.677305698394775 7.103921413421631 5.426575660705566 
v -8.186659812927246 7.103921413421631 5.426575660705566 
v -8.186659812927246 4.371680736541748 5.426575660705566 
v 7.75692081451416 3.7099199295043945 4.627110481262207 
v 7.75692081451416 3.759453058242798 4.995635986328125 
v 7.75692081451416 3.9139959812164307 4.951056480407715 
v 7.75692081451416 4.030893802642822 5.215562343597412 
v 7.75692081451416 3.8961641788482666 5.307693958282471 
v 7.75692081451416 4.189399242401123 5.373077392578125 
v 7.75692081451416 4.104202747344971 5.512760639190674 
v 7.75692081451416 4.371680736541748 5.426573276519775 
v 7.75692081451416 4.349886417388916 5.58705997467041 
v 7.75692081451416 7.103921413421631 5.426573276519775 
v 7.75692081451416 7.125715732574463 5.58705997467041 
v 7.75692081451416 7.286202430725098 5.373077392578125 
v 7.75692081451416 7.371399402618408 5.512760639190674 
v 7.75692081451416 7.444708347320557 5.215562343597412 
v 7.75692081451416 7.579437732696533 5.307693958282471 
v 7.75692081451416 7.561605930328369 4.951056480407715 
v 7.75692081451416 7.716148853302002 4.995635986328125 
v 7.75692081451416 7.605195045471191 4.618194580078125 
v 7.75692081451416 7.765682220458984 4.627110481262207 
v 7.756919860839844 7.605195045471191 0.4722825288772583 
v 7.756919860839844 7.765682220458984 0.46336662769317627 
v 7.756919860839844 7.561605930328369 0.13942062854766846 
v 7.756919860839844 7.716148853302002 0.0948411226272583 
v 7.756919860839844 7.444708347320557 -0.1250854730606079 
v 7.756919860839844 7.579437732696533 -0.2172168493270874 
v 7.756919860839844 7.286202430725098 -0.2826005220413208 
v 7.756919860839844 7.371399402618408 -0.4222835302352905 
v 7.756919860839844 7.103921413421631 -0.3360961675643921 
v 7.756919860839844 7.125715732574463 -0.49658310413360596 
v 7.756919860839844 4.371680736541748 -0.3360961675643921 
v 7.756919860839844 4.349886417388916 -0.49658310413360596 
v 7.756919860839844 4.189399242401123 -0.2826005220413208 
v 7.756919860839844 4.104202747344971 -0.4222835302352905 
v 7.756919860839844 4.030893802642822 -0.1250854730606079 
v 7.756919860839844 3.8961641788482666 -0.2172168493270874 
v 7.756919860839844 3.9139959812164307 0.13942062854766846 
v 7.756919860839844 3.759453058242798 0.0948411226272583 
v 7.756919860839844 3.8704068660736084 0.4722825288772583 
v 7.756919860839844 3.7099199295043945 0.46336662769317627 
v 7.75692081451416 3.8704068660736084 4.618194580078125 
v 8.314784049987793 7.541792869567871 -0.19046923518180847 
v 8.314783096313477 7.347623348236084 -0.3836478888988495 
v 8.314784049987793 7.482353210449219 -0.1488613784313202 
v 8.314784049987793 7.309978485107422 -0.32123634219169617 
v -7.677305698394775 3.759453058242798 4.995638847351074 
v -7.677305698394775 3.8704068660736084 4.618196964263916 
v -7.677305698394775 3.7099199295043945 4.627113342285156 
v -7.677306175231934 3.8704068660736084 0.47228512167930603 
v -7.677306175231934 3.7099199295043945 0.463369220495224 
v -7.677306175231934 3.9139959812164307 0.13942323625087738 
v -7.677306175231934 3.759453058242798 0.09484373033046722 
v -7.677306652069092 4.030893802642822 -0.125082865357399 
v -7.677306652069092 3.8961641788482666 -0.21721424162387848 
v -7.677306652069092 4.189399242401123 -0.28259792923927307 
v -7.677306652069092 4.104202747344971 -0.4222809374332428 
v -7.677306652069092 4.371680736541748 -0.33609357476234436 
v -7.677306652069092 4.349886417388916 -0.4965805113315582 
v -7.677306652069092 7.103921413421631 -0.33609357476234436 
v -7.677306652069092 7.125715732574463 -0.4965805113315582 
v -7.677306652069092 7.286202430725098 -0.28259792923927307 
v -7.677306652069092 7.371399402618408 -0.4222809374332428 
v -7.677306652069092 7.444708347320557 -0.125082865357399 
v -7.677306652069092 7.579437732696533 -0.21721424162387848 
v -7.677306175231934 7.561605930328369 0.13942323625087738 
v -7.677306175231934 7.716148853302002 0.09484373033046722 
v -7.677306175231934 7.605195045471191 0.47228512167930603 
v -7.677306175231934 7.765682220458984 0.463369220495224 
v -7.677305698394775 7.605195045471191 4.618196964263916 
v -7.677305698394775 7.765682220458984 4.627113342285156 
v -7.677305698394775 7.561605930328369 4.951058864593506 
v -7.677305698394775 7.716148853302002 4.995638847351074 
v -7.677305698394775 7.444708347320557 5.215565204620361 
v -7.677305698394775 7.579437732696533 5.307696342468262 
v -7.677305698394775 7.286202430725098 5.373080253601074 
v -7.677305698394775 7.371399402618408 5.512763023376465 
v -7.677305698394775 7.103921413421631 5.426575660705566 
v -7.677305698394775 7.125715732574463 5.587062835693359 
v -7.677305698394775 4.371680736541748 5.426575660705566 
v -7.677305698394775 4.349886417388916 5.587062835693359 
v -7.677305698394775 4.189399242401123 5.373080253601074 
v -7.677305698394775 4.104202747344971 5.512763023376465 
v -7.677305698394775 4.030893802642822 5.215565204620361 
v -7.677305698394775 3.8961641788482666 5.307696342468262 
v -7.677305698394775 3.9139959812164307 4.951058864593506 
v 8.314784049987793 3.801060676574707 4.983747959136963 
v 8.314784049987793 3.755490303039551 4.627110481262207 
v 8.266274452209473 3.759453058242798 4.995635986328125 
v 8.266274452209473 3.7099199295043945 4.627110481262207 
v 8.314784049987793 3.755490303039551 0.4633665382862091 
v 8.266274452209473 3.7099199295043945 4.627110481262207 
v 8.266273498535156 3.7099199295043945 0.4633665382862091 
v 8.314784049987793 3.801060676574707 0.10672882199287415 
v 8.266273498535156 3.759453058242798 0.09484104067087173 
v 8.266273498535156 3.8961641788482666 -0.21721693873405457 
v 8.314784049987793 3.933809280395508 -0.19046923518180847 
v 8.314784049987793 3.801060676574707 0.10672882199287415 
v 8.266273498535156 3.8961641788482666 -0.21721693873405457 
v 8.314783096313477 4.127978324890137 -0.3836478888988495 
v 8.266273498535156 4.104202747344971 -0.4222836196422577 
v 8.266274452209473 3.759453058242798 4.995635986328125 
v 8.314784049987793 3.801060676574707 4.983747959136963 
v 8.266274452209473 3.8961641788482666 5.307693958282471 
v 8.314784049987793 3.933809280395508 5.280946254730225 
v 8.266274452209473 4.104202747344971 5.512760639190674 
v 8.31478500366211 4.127978324890137 5.474124908447266 
v 8.266274452209473 4.104202747344971 5.512760639190674 
v 8.31478500366211 4.127978324890137 5.474124908447266 
v 8.266274452209473 4.349886417388916 5.58705997467041 
v 8.31478500366211 4.355830192565918 5.54248046875 
v 8.266274452209473 7.125715732574463 5.58705997467041 
v 8.31478500366211 7.119771957397461 5.54248046875 
v 8.31478500366211 7.347623348236084 5.474124908447266 
v 8.266274452209473 7.371399402618408 5.512760639190674 
v 8.266274452209473 7.125715732574463 5.58705997467041 
v 8.266274452209473 7.579437732696533 5.307693958282471 
v 8.314784049987793 7.541792869567871 5.280946254730225 
v 8.266274452209473 7.716148853302002 4.995635986328125 
v 8.314784049987793 7.674541473388672 4.983747959136963 
v 8.266274452209473 7.765682220458984 4.627110481262207 
v 8.314784049987793 7.720111846923828 4.627110481262207 
v 8.266274452209473 7.579437732696533 5.307693958282471 
v 8.31478500366211 7.347623348236084 5.474124908447266 
v 8.266274452209473 7.371399402618408 5.512760639190674 
v 8.266274452209473 7.765682220458984 4.627110481262207 
v 8.266273498535156 7.765682220458984 0.4633665382862091 
v 8.314784049987793 7.720111846923828 0.4633665382862091 
v 8.266273498535156 7.765682220458984 0.4633665382862091 
v 8.266273498535156 7.716148853302002 0.09484104067087173 
v 8.314784049987793 7.674541473388672 0.10672882199287415 
v 8.266273498535156 7.716148853302002 0.09484104067087173 
v 8.266273498535156 7.579437732696533 -0.21721693873405457 
v 8.314784049987793 7.541792869567871 -0.19046923518180847 
v 8.314784049987793 7.541792869567871 -0.19046923518180847 
v 8.266273498535156 7.371399402618408 -0.4222836196422577 
v 8.314783096313477 7.347623348236084 -0.3836478888988495 
v 8.314783096313477 7.347623348236084 -0.3836478888988495 
v 8.266273498535156 7.125715732574463 -0.4965831935405731 
v 8.314783096313477 7.119771957397461 -0.45200344920158386 
v 8.266273498535156 4.349886417388916 -0.4965831935405731 
v 8.314783096313477 4.355830192565918 -0.45200344920158386 
v 8.314783096313477 4.127978324890137 -0.3836478888988495 
v 8.266273498535156 4.104202747344971 -0.4222836196422577 
v 8.266273498535156 4.349886417388916 -0.4965831935405731 
v -8.235170364379883 3.801060676574707 0.1067316085100174 
v -8.186660766601562 3.759453058242798 0.09484381228685379 
v -8.235170364379883 3.755490303039551 0.46336933970451355 
v -8.186660766601562 3.7099199295043945 0.46336930990219116 
v -8.235169410705566 3.755490303039551 4.627113342285156 
v -8.186659812927246 3.7099199295043945 4.627113342285156 
v -8.235169410705566 3.801060676574707 4.983750820159912 
v -8.186659812927246 3.759453058242798 4.995638847351074 
v -8.235170364379883 3.801060676574707 0.1067316085100174 
v -8.186660766601562 3.8961641788482666 -0.21721415221691132 
v -8.235170364379883 3.933809280395508 -0.19046644866466522 
v -8.186660766601562 4.104202747344971 -0.42228084802627563 
v -8.235170364379883 4.127978324890137 -0.38364508748054504 
v -8.235170364379883 4.127978324890137 -0.38364508748054504 
v -8.186660766601562 4.349886417388916 -0.49658042192459106 
v -8.235170364379883 4.355830192565918 -0.4520006477832794 
v -8.186660766601562 4.349886417388916 -0.49658042192459106 
v -8.186660766601562 7.125715732574463 -0.49658042192459106 
v -8.235170364379883 7.119771957397461 -0.4520006477832794 
v -8.186660766601562 7.371399402618408 -0.42228084802627563 
v -8.235170364379883 7.347623348236084 -0.38364508748054504 
v -8.235170364379883 7.347623348236084 -0.38364508748054504 
v -8.186660766601562 7.579437732696533 -0.21721415221691132 
v -8.235170364379883 7.541792869567871 -0.19046644866466522 
v -8.186660766601562 7.716148853302002 0.09484381228685379 
v -8.235170364379883 7.674541473388672 0.1067316085100174 
v -8.186660766601562 7.765682220458984 0.46336930990219116 
v -8.235170364379883 7.720111846923828 0.46336933970451355 
v -8.186659812927246 7.765682220458984 4.627113342285156 
v -8.235169410705566 7.720111846923828 4.627113342285156 
v -8.186659812927246 7.716148853302002 4.995638847351074 
v -8.235169410705566 7.674541473388672 4.983750820159912 
v -8.186659812927246 7.579437732696533 5.307696342468262 
v -8.235169410705566 7.541792869567871 5.280948638916016 
v -8.235169410705566 7.347623348236084 5.474127292633057 
v -8.186659812927246 7.371399402618408 5.512763023376465 
v -8.186659812927246 7.579437732696533 5.307696342468262 
v -8.235169410705566 7.347623348236084 5.474127292633057 
v -8.186659812927246 7.125715732574463 5.587062835693359 
v -8.235169410705566 7.119771957397461 5.542482852935791 
v -8.186659812927246 4.349886417388916 5.587062835693359 
v -8.235169410705566 4.355830192565918 5.542482852935791 
v -8.186659812927246 4.104202747344971 5.512763023376465 
v -8.235169410705566 4.127978324890137 5.474127292633057 
v -8.235169410705566 3.801060676574707 4.983750820159912 
v -8.235169410705566 3.933809280395508 5.280948638916016 
v -8.186659812927246 3.8961641788482666 5.307696342468262 
v -8.235169410705566 4.127978324890137 5.474127292633057 
v -8.186659812927246 4.104202747344971 5.512763023376465 
v 8.266274452209473 3.8704068660736084 4.618194580078125 
v 8.314784049987793 3.824836492538452 4.621166706085205 
v 8.266273498535156 3.8704068660736084 0.47228243947029114 
v 8.314784049987793 3.824836492538452 0.46931031346321106 
v 8.266274452209473 3.8704068660736084 4.618194580078125 
v 8.314784049987793 3.8704068660736084 4.962944030761719 
v 8.266274452209473 3.9139959812164307 4.951056480407715 
v 8.266273498535156 3.8704068660736084 0.47228243947029114 
v 8.266273498535156 3.9139959812164307 0.1394205391407013 
v 8.314784049987793 3.8704068660736084 0.1275327503681183 
v 8.314784049987793 3.8704068660736084 4.962944030761719 
v 8.314784049987793 3.993248701095581 5.239338397979736 
v 8.266274452209473 4.030893802642822 5.215562343597412 
v 8.266274452209473 4.030893802642822 5.215562343597412 
v 8.31478500366211 4.165623664855957 5.411713123321533 
v 8.266274452209473 4.189399242401123 5.373077392578125 
v 8.266274452209473 4.371680736541748 5.426573276519775 
v 8.31478500366211 4.365736961364746 5.4711527824401855 
v 8.266274452209473 4.189399242401123 5.373077392578125 
v 8.31478500366211 4.165623664855957 5.411713123321533 
v 8.266274452209473 4.371680736541748 5.426573276519775 
v 8.31478500366211 7.109865188598633 5.4711527824401855 
v 8.266274452209473 7.103921413421631 5.426573276519775 
v 8.266274452209473 7.103921413421631 5.426573276519775 
v 8.31478500366211 7.309978485107422 5.411713123321533 
v 8.266274452209473 7.286202430725098 5.373077392578125 
v 8.266274452209473 7.444708347320557 5.215562343597412 
v 8.314784049987793 7.482353210449219 5.239338397979736 
v 8.31478500366211 7.309978485107422 5.411713123321533 
v 8.266274452209473 7.605195045471191 4.618194580078125 
v 8.314784049987793 7.650765419006348 4.621166706085205 
v 8.266274452209473 7.561605930328369 4.951056480407715 
v 8.314784049987793 7.605195045471191 4.962944030761719 
v 8.314784049987793 7.482353210449219 5.239338397979736 
v 8.266274452209473 7.444708347320557 5.215562343597412 
v 8.266274452209473 7.561605930328369 4.951056480407715 
v 8.266274452209473 7.605195045471191 4.618194580078125 
v 8.314784049987793 7.650765419006348 0.46931031346321106 
v 8.266273498535156 7.605195045471191 0.47228243947029114 
v 8.314784049987793 7.605195045471191 0.1275327503681183 
v 8.266273498535156 7.561605930328369 0.1394205391407013 
v 8.314784049987793 7.482353210449219 -0.1488613784313202 
v 8.266273498535156 7.444708347320557 -0.12508556246757507 
v 8.266273498535156 3.9139959812164307 0.1394205391407013 
v 8.314784049987793 3.8704068660736084 0.1275327503681183 
v 8.266273498535156 4.030893802642822 -0.12508556246757507 
v 8.314784049987793 3.993248701095581 -0.1488613784313202 
v 8.266273498535156 4.030893802642822 -0.12508556246757507 
v 8.314784049987793 3.993248701095581 -0.1488613784313202 
v 8.266273498535156 4.189399242401123 -0.28260061144828796 
v 8.314784049987793 4.165623664855957 -0.32123634219169617 
v 8.314784049987793 4.165623664855957 -0.32123634219169617 
v 8.266273498535156 4.371680736541748 -0.33609625697135925 
v 8.314783096313477 4.365736961364746 -0.3806760013103485 
v 8.266273498535156 7.103921413421631 -0.33609625697135925 
v 8.314783096313477 7.109865188598633 -0.3806760013103485 
v 8.266273498535156 7.103921413421631 -0.33609625697135925 
v 8.266273498535156 7.286202430725098 -0.28260061144828796 
v 8.314784049987793 7.309978485107422 -0.32123634219169617 
v 8.314784049987793 7.309978485107422 -0.32123634219169617 
v 8.266273498535156 7.444708347320557 -0.12508556246757507 
v 8.314784049987793 7.482353210449219 -0.1488613784313202 
v -8.235169410705566 3.8704068660736084 4.962946891784668 
v -8.186659812927246 3.9139959812164307 4.951058864593506 
v -8.235169410705566 3.824836492538452 4.621169090270996 
v -8.186659812927246 3.8704068660736084 4.618196964263916 
v -8.235170364379883 3.824836492538452 0.4693131148815155 
v -8.186660766601562 3.8704068660736084 0.4722852110862732 
v -8.235170364379883 3.8704068660736084 0.12753553688526154 
v -8.186660766601562 3.9139959812164307 0.13942332565784454 
v -8.235170364379883 3.8704068660736084 0.12753553688526154 
v -8.235170364379883 3.993248701095581 -0.14885859191417694 
v -8.186660766601562 4.030893802642822 -0.12508277595043182 
v -8.235170364379883 4.165623664855957 -0.3212335407733917 
v -8.186660766601562 4.189399242401123 -0.2825978398323059 
v -8.186659812927246 3.9139959812164307 4.951058864593506 
v -8.235169410705566 3.8704068660736084 4.962946891784668 
v -8.186659812927246 4.030893802642822 5.215565204620361 
v -8.235169410705566 3.993248701095581 5.239340782165527 
v -8.186659812927246 4.189399242401123 5.373080253601074 
v -8.235169410705566 4.165623664855957 5.411715984344482 
v -8.235169410705566 4.165623664855957 5.411715984344482 
v -8.186659812927246 4.371680736541748 5.426575660705566 
v -8.235169410705566 4.365736961364746 5.471155643463135 
v -8.186659812927246 4.371680736541748 5.426575660705566 
v -8.186659812927246 7.103921413421631 5.426575660705566 
v -8.235169410705566 7.109865188598633 5.471155643463135 
v -8.186659812927246 7.286202430725098 5.373080253601074 
v -8.235169410705566 7.309978485107422 5.411715984344482 
v -8.235169410705566 7.309978485107422 5.411715984344482 
v -8.186659812927246 7.444708347320557 5.215565204620361 
v -8.235169410705566 7.482353210449219 5.239340782165527 
v -8.235169410705566 7.482353210449219 5.239340782165527 
v -8.186659812927246 7.561605930328369 4.951058864593506 
v -8.235169410705566 7.605195045471191 4.962946891784668 
v -8.186659812927246 7.561605930328369 4.951058864593506 
v -8.186659812927246 7.605195045471191 4.618196964263916 
v -8.235169410705566 7.650765419006348 4.621169090270996 
v -8.186660766601562 7.605195045471191 0.4722852110862732 
v -8.235170364379883 7.650765419006348 0.4693131148815155 
v -8.186660766601562 7.561605930328369 0.13942332565784454 
v -8.235170364379883 7.605195045471191 0.12753553688526154 
v -8.186660766601562 7.444708347320557 -0.12508277595043182 
v -8.235170364379883 7.482353210449219 -0.14885859191417694 
v -8.186660766601562 7.286202430725098 -0.2825978398323059 
v -8.235170364379883 7.309978485107422 -0.3212335407733917 
v -8.235170364379883 7.309978485107422 -0.3212335407733917 
v -8.186660766601562 7.103921413421631 -0.3360934853553772 
v -8.235170364379883 7.109865188598633 -0.38067319989204407 
v -8.186660766601562 4.371680736541748 -0.3360934853553772 
v -8.235170364379883 4.365736961364746 -0.38067319989204407 
v -8.186660766601562 4.189399242401123 -0.2825978398323059 
v -8.235170364379883 4.165623664855957 -0.3212335407733917 
vn 0 0 1 
vn 0 0 1 
vn 0 0 1 
vn 0 0 1 
vn 0 0 1 
vn 0 0 1 
vn 0 0 1 
vn 0 0 1 
vn 0 0 1 
vn 0 0 1 
vn 0 0 1 
vn 0 0 1 
vn 0 0 1 
vn 0 0 1 
vn 0 0 1 
vn 0 0 1 
vn 0 0 1 
vn 0 0 1 
vn 0 0 1 
vn 0 0 1 
vn 0 0 1 
vn 0 0 1 
vn 0 0 1 
vn 0 0 1 
vn 0 0 1 
vn 0 0 1 
vn 0 0 1 
vn 0 0 1 
vn 0 0 1 
vn 0 0 1 
vn 0 0 1 
vn 0 0 1 
vn 0 0 1 
vn 0 0 1 
vn 0 0 1 
vn 0 0 1 
vn 0 0 1 
vn 0 0 1 
vn 0 0 1 
vn 0 0 1 
vn 0 0 1 
vn 0 0 1 
vn 0 0 1 
vn -0.9971474409103394 0.07544711232185364 0.002184694167226553 
vn -0.9971474409103394 0.07544711232185364 0.002184694167226553 
vn -0.9971474409103394 -0.07544711232185364 0.002184694167226553 
vn -0.9971474409103394 -0.07544711232185364 0.002184694167226553 
vn -0.1280297040939331 0.991767942905426 0.002184694167226553 
vn -0.1280297040939331 0.991767942905426 0.002184694167226553 
vn 0.1280297040939331 0.991767942905426 0.002184694167226553 
vn 0.1280297040939331 0.991767942905426 0.002184694167226553 
vn 0 0 1 
vn 0 0 1 
vn 0 0 1 
vn 0 0 1 
vn 0 0 1 
vn 0 0 1 
vn -0.4713956117630005 0.8819191455841064 -0.002184694167226553 
vn -0.7918164730072021 0.6107551455497742 -0.002184694167226553 
vn -0.4713956117630005 0.8819191455841064 -0.002184694167226553 
vn -0.7918164730072021 0.6107551455497742 -0.002184694167226553 
vn 0.9971474409103394 0.07544711232185364 0.002184694167226553 
vn 0.9971474409103394 0.07544711232185364 0.002184694167226553 
vn 0.9971474409103394 -0.07544711232185364 0.002184694167226553 
vn 0.9971474409103394 -0.07544711232185364 0.002184694167226553 
vn 0.9971474409103394 0.07544711232185364 0.002184694167226553 
vn 0.9971474409103394 0.07544711232185364 0.002184694167226553 
vn 0.9524446725845337 0.3047037422657013 -0.002184694167226553 
vn 0.9524446725845337 0.3047037422657013 -0.002184694167226553 
vn 0.1280297040939331 0.991767942905426 0.002184694167226553 
vn 0.4713956117630005 0.8819191455841064 0.002184694167226553 
vn 0.1280297040939331 0.991767942905426 0.002184694167226553 
vn 0.4713956117630005 0.8819191455841064 0.002184694167226553 
vn -0.1280297040939331 -0.991767942905426 0.002184694167226553 
vn -0.4713956117630005 -0.8819191455841064 0.002184694167226553 
vn -0.1280297040939331 -0.991767942905426 0.002184694167226553 
vn -0.4713956117630005 -0.8819191455841064 0.002184694167226553 
vn 0.9971474409103394 -0.07544711232185364 0.002184694167226553 
vn 0.9971474409103394 -0.07544711232185364 0.002184694167226553 
vn 0.9524446725845337 -0.3047037422657013 0.002184694167226553 
vn 0.9524446725845337 -0.3047037422657013 0.002184694167226553 
vn 0.1280297040939331 0.991767942905426 0.002184694167226553 
vn -0.1280297040939331 0.991767942905426 0.002184694167226553 
vn 0.1280297040939331 0.991767942905426 0.002184694167226553 
vn -0.1280297040939331 0.991767942905426 0.002184694167226553 
vn -0.7918164730072021 0.6107551455497742 0.002184694167226553 
vn -0.7918164730072021 0.6107551455497742 0.002184694167226553 
vn -0.4713956117630005 0.8819191455841064 0.002184694167226553 
vn -0.4713956117630005 0.8819191455841064 0.002184694167226553 
vn 0.9524446725845337 0.3047037422657013 -0.002184694167226553 
vn 0.9524446725845337 0.3047037422657013 -0.002184694167226553 
vn 0.7918164730072021 0.6107551455497742 -0.002184694167226553 
vn 0.7918164730072021 0.6107551455497742 -0.002184694167226553 
vn 0.4713956117630005 -0.8819191455841064 0.002184694167226553 
vn 0.4713956117630005 -0.8819191455841064 0.002184694167226553 
vn 0.1280297040939331 -0.991767942905426 -0.002184694167226553 
vn 0.1280297040939331 -0.991767942905426 -0.002184694167226553 
vn 0.7918164730072021 0.6107551455497742 -0.002184694167226553 
vn 0.7918164730072021 0.6107551455497742 -0.002184694167226553 
vn 0.4713956117630005 0.8819191455841064 -0.002184694167226553 
vn 0.4713956117630005 0.8819191455841064 -0.002184694167226553 
vn 0.9971474409103394 0.07544711232185364 0.002184694167226553 
vn 0.9971474409103394 -0.07544711232185364 0.002184694167226553 
vn 0.9971474409103394 0.07544711232185364 0.002184694167226553 
vn 0.9971474409103394 -0.07544711232185364 0.002184694167226553 
vn -0.1280297040939331 -0.991767942905426 0.002184694167226553 
vn 0.1280297040939331 -0.991767942905426 -0.002184694167226553 
vn -0.1280297040939331 -0.991767942905426 0.002184694167226553 
vn 0.1280297040939331 -0.991767942905426 -0.002184694167226553 
vn 0.9524446725845337 -0.3047037422657013 0.002184694167226553 
vn 0.9524446725845337 -0.3047037422657013 0.002184694167226553 
vn 0.7918164730072021 -0.6107551455497742 0.002184694167226553 
vn 0.7918164730072021 -0.6107551455497742 0.002184694167226553 
vn -0.4713956117630005 0.8819191455841064 0.002184694167226553 
vn -0.4713956117630005 0.8819191455841064 0.002184694167226553 
vn -0.1280297040939331 0.991767942905426 0.002184694167226553 
vn -0.1280297040939331 0.991767942905426 0.002184694167226553 
vn 0.7918164730072021 -0.6107551455497742 0.002184694167226553 
vn 0.7918164730072021 -0.6107551455497742 0.002184694167226553 
vn 0.4713956117630005 -0.8819191455841064 0.002184694167226553 
vn 0.4713956117630005 -0.8819191455841064 0.002184694167226553 
vn -0.9971474409103394 0.07544711232185364 0.002184694167226553 
vn -0.9971474409103394 0.07544711232185364 0.002184694167226553 
vn -0.9524446725845337 0.3047037422657013 0.002184694167226553 
vn -0.9524446725845337 0.3047037422657013 0.002184694167226553 
vn -0.9524446725845337 0.3047037422657013 0.002184694167226553 
vn -0.9524446725845337 0.3047037422657013 0.002184694167226553 
vn -0.7918164730072021 0.6107551455497742 0.002184694167226553 
vn -0.7918164730072021 0.6107551455497742 0.002184694167226553 
vn -0.9971474409103394 -0.07544711232185364 -0.002184694167226553 
vn -0.9971474409103394 -0.07544711232185364 -0.002184694167226553 
vn -0.9524446725845337 -0.3047037422657013 -0.002184694167226553 
vn -0.9524446725845337 -0.3047037422657013 -0.002184694167226553 
vn -0.9971474409103394 0.07544711232185364 0.002184694167226553 
vn -0.9971474409103394 -0.07544711232185364 -0.002184694167226553 
vn -0.9971474409103394 0.07544711232185364 0.002184694167226553 
vn -0.9971474409103394 -0.07544711232185364 -0.002184694167226553 
vn -0.9524446725845337 -0.3047037422657013 -0.002184694167226553 
vn -0.9524446725845337 -0.3047037422657013 -0.002184694167226553 
vn -0.7918164730072021 -0.6107551455497742 -0.002184694167226553 
vn -0.7918164730072021 -0.6107551455497742 -0.002184694167226553 
vn -0.7918164730072021 -0.6107551455497742 -0.002184694167226553 
vn -0.7918164730072021 -0.6107551455497742 -0.002184694167226553 
vn -0.4713956117630005 -0.8819191455841064 -0.002184694167226553 
vn -0.4713956117630005 -0.8819191455841064 -0.002184694167226553 
vn -0.4713956117630005 -0.8819191455841064 -0.002184694167226553 
vn -0.4713956117630005 -0.8819191455841064 -0.002184694167226553 
vn -0.1280297040939331 -0.991767942905426 0.002184694167226553 
vn -0.1280297040939331 -0.991767942905426 0.002184694167226553 
vn 0.4713956117630005 0.8819191455841064 -0.002184694167226553 
vn 0.4713956117630005 0.8819191455841064 -0.002184694167226553 
vn 0.1280297040939331 0.991767942905426 0.002184694167226553 
vn 0.1280297040939331 0.991767942905426 0.002184694167226553 
vn -2.0682311115474694e-13 0 -1 
vn -2.0682311115474694e-13 0 -1 
vn -2.0682311115474694e-13 0 -1 
vn -2.0682311115474694e-13 0 -1 
vn -2.0682311115474694e-13 0 -1 
vn -2.0682311115474694e-13 0 -1 
vn -2.0682311115474694e-13 0 -1 
vn -2.0682311115474694e-13 0 -1 
vn -2.0682311115474694e-13 0 -1 
vn -2.0682311115474694e-13 0 -1 
vn -2.0682311115474694e-13 0 -1 
vn -2.0682311115474694e-13 0 -1 
vn -2.0682311115474694e-13 0 -1 
vn -2.0682311115474694e-13 0 -1 
vn -2.0682311115474694e-13 0 -1 
vn -2.0682311115474694e-13 0 -1 
vn -2.0682311115474694e-13 0 -1 
vn -2.0682311115474694e-13 0 -1 
vn -2.0682311115474694e-13 0 -1 
vn -2.0682311115474694e-13 0 -1 
vn -2.0682311115474694e-13 0 -1 
vn -2.0682311115474694e-13 0 -1 
vn -2.0682311115474694e-13 0 -1 
vn -2.0682311115474694e-13 0 -1 
vn -2.0682311115474694e-13 0 -1 
vn -2.0682311115474694e-13 0 -1 
vn -2.0682311115474694e-13 0 -1 
vn -2.0682311115474694e-13 0 -1 
vn -2.0682311115474694e-13 0 -1 
vn -2.0682311115474694e-13 0 -1 
vn -2.0682311115474694e-13 0 -1 
vn -2.0682311115474694e-13 0 -1 
vn -2.0682311115474694e-13 0 -1 
vn -2.0682311115474694e-13 0 -1 
vn -2.0682311115474694e-13 0 -1 
vn -2.0682311115474694e-13 0 -1 
vn -2.0682311115474694e-13 0 -1 
vn -2.0682311115474694e-13 0 -1 
vn -2.0682311115474694e-13 0 -1 
vn -2.0682311115474694e-13 0 -1 
vn -0.4713956117630005 -0.8819191455841064 0.002184694167226553 
vn -0.4713956117630005 -0.8819191455841064 0.002184694167226553 
vn -0.7918164730072021 -0.6107551455497742 0.002184694167226553 
vn -0.7918164730072021 -0.6107551455497742 0.002184694167226553 
vn -0.7918164730072021 -0.6107551455497742 0.002184694167226553 
vn -0.7918164730072021 -0.6107551455497742 0.002184694167226553 
vn -0.9524446725845337 -0.3047037422657013 0.002184694167226553 
vn -0.9524446725845337 -0.3047037422657013 0.002184694167226553 
vn -0.9524446725845337 -0.3047037422657013 0.002184694167226553 
vn -0.9524446725845337 -0.3047037422657013 0.002184694167226553 
vn -0.9971474409103394 -0.07544711232185364 0.002184694167226553 
vn -0.9971474409103394 -0.07544711232185364 0.002184694167226553 
vn -0.1280297040939331 0.991767942905426 0.002184694167226553 
vn -0.1280297040939331 0.991767942905426 0.002184694167226553 
vn -0.4713956117630005 0.8819191455841064 -0.002184694167226553 
vn -0.4713956117630005 0.8819191455841064 -0.002184694167226553 
vn -0.7918164730072021 0.6107551455497742 -0.002184694167226553 
vn -0.7918164730072021 0.6107551455497742 -0.002184694167226553 
vn -0.9524446725845337 0.3047037422657013 -0.002184694167226553 
vn -0.9524446725845337 0.3047037422657013 -0.002184694167226553 
vn -0.9524446725845337 0.3047037422657013 -0.002184694167226553 
vn -0.9524446725845337 0.3047037422657013 -0.002184694167226553 
vn -0.9971474409103394 0.07544711232185364 0.002184694167226553 
vn -0.9971474409103394 0.07544711232185364 0.002184694167226553 
vn 0.1280297040939331 -0.991767942905426 0.002184694167226553 
vn 0.1280297040939331 -0.991767942905426 0.002184694167226553 
vn 0.4713956117630005 -0.8819191455841064 -0.002184694167226553 
vn 0.4713956117630005 -0.8819191455841064 -0.002184694167226553 
vn 0.7918164730072021 -0.6107551455497742 -0.002184694167226553 
vn 0.7918164730072021 -0.6107551455497742 -0.002184694167226553 
vn 0.9524446725845337 -0.3047037422657013 -0.002184694167226553 
vn 0.9524446725845337 -0.3047037422657013 -0.002184694167226553 
vn 0.9524446725845337 -0.3047037422657013 -0.002184694167226553 
vn 0.9524446725845337 -0.3047037422657013 -0.002184694167226553 
vn 0.9971474409103394 -0.07544711232185364 0.002184694167226553 
vn 0.9971474409103394 -0.07544711232185364 0.002184694167226553 
vn 0 0 1 
vn 0 0 1 
vn 0 0 1 
vn 0 0 1 
vn 0.4713956117630005 0.8819191455841064 0.002184694167226553 
vn 0.4713956117630005 0.8819191455841064 0.002184694167226553 
vn 0.7918164730072021 0.6107551455497742 0.002184694167226553 
vn 0.7918164730072021 0.6107551455497742 0.002184694167226553 
vn 0.7918164730072021 0.6107551455497742 0.002184694167226553 
vn 0.7918164730072021 0.6107551455497742 0.002184694167226553 
vn 0.9524446725845337 0.3047037422657013 0.002184694167226553 
vn 0.9524446725845337 0.3047037422657013 0.002184694167226553 
vn 0.9524446725845337 0.3047037422657013 0.002184694167226553 
vn 0.9524446725845337 0.3047037422657013 0.002184694167226553 
vn 0.9971474409103394 0.07544711232185364 0.002184694167226553 
vn 0.9971474409103394 0.07544711232185364 0.002184694167226553 
vn 0.1280297040939331 -0.991767942905426 0.002184694167226553 
vn -0.1280297040939331 -0.991767942905426 0.002184694167226553 
vn 0.1280297040939331 -0.991767942905426 0.002184694167226553 
vn -0.1280297040939331 -0.991767942905426 0.002184694167226553 
vn 0.4713956117630005 -0.8819191455841064 -0.002184694167226553 
vn 0.4713956117630005 -0.8819191455841064 -0.002184694167226553 
vn 0.7918164730072021 -0.6107551455497742 -0.002184694167226553 
vn 0.7918164730072021 -0.6107551455497742 -0.002184694167226553 
vn -0.12802726030349731 -0.9917489886283875 -0.006554040592163801 
vn -0.4712066352367401 -0.8815656304359436 -0.028397228568792343 
vn 0 0 1 
vn 0 0 1 
vn -0.4712066352367401 -0.8815656304359436 -0.028397228568792343 
vn -0.7917258143424988 -0.6106851696968079 -0.0152922747656703 
vn 0 0 1 
vn 0 0 1 
vn 0 0 1 
vn -0.9523901343345642 -0.3046862781047821 -0.010923261754214764 
vn -0.7917258143424988 -0.6106851696968079 -0.0152922747656703 
vn 0 0 1 
vn 0 0 1 
vn -0.9971474409103394 -0.07544711232185364 -0.002184694167226553 
vn -0.9523901343345642 -0.3046862781047821 -0.010923261754214764 
vn 0 0 1 
vn 0 0 1 
vn -0.12802726030349731 0.9917489886283875 -0.006554040592163801 
vn -0.4712066352367401 0.8815656304359436 -0.028397228568792343 
vn 0 0 1 
vn 0 0 1 
vn -0.4712066352367401 0.8815656304359436 -0.028397228568792343 
vn -0.7917258143424988 0.6106851696968079 -0.0152922747656703 
vn 0 0 1 
vn 0 0 1 
vn -0.7917258143424988 0.6106851696968079 -0.0152922747656703 
vn -0.9523901343345642 0.3046862781047821 -0.010923261754214764 
vn 0 0 1 
vn 0 0 1 
vn -0.9523901343345642 0.3046862781047821 -0.010923261754214764 
vn -0.9971474409103394 0.07544711232185364 -0.002184694167226553 
vn 0 0 1 
vn 0 0 1 
vn 0.12802726030349731 -0.9917489886283875 -0.006554040592163801 
vn 0.4712066352367401 -0.8815656304359436 -0.028397228568792343 
vn 0 0 1 
vn 0 0 1 
vn 0.4712066352367401 -0.8815656304359436 -0.028397228568792343 
vn 0.7917258143424988 -0.6106851696968079 -0.0152922747656703 
vn 0 0 1 
vn 0 0 1 
vn 0.7917258143424988 -0.6106851696968079 -0.0152922747656703 
vn 0.9523901343345642 -0.3046862781047821 -0.010923261754214764 
vn 0 0 1 
vn 0 0 1 
vn 0.9523901343345642 -0.3046862781047821 -0.010923261754214764 
vn 0.9971474409103394 -0.07544711232185364 -0.002184694167226553 
vn 0.12802726030349731 0.9917489886283875 -0.006554040592163801 
vn 0.4712066352367401 0.8815656304359436 -0.028397228568792343 
vn 0 0 1 
vn 0 0 1 
vn 0.4712066352367401 0.8815656304359436 -0.028397228568792343 
vn 0.7917258143424988 0.6106851696968079 -0.0152922747656703 
vn 0 0 1 
vn 0 0 1 
vn 0 0 1 
vn 0.9523901343345642 0.3046862781047821 -0.010923261754214764 
vn 0.7917258143424988 0.6106851696968079 -0.0152922747656703 
vn 0 0 1 
vn 0 0 1 
vn 0.9971474409103394 0.07544711232185364 -0.002184694167226553 
vn 0.9523901343345642 0.3046862781047821 -0.010923261754214764 
vn 0 0 1 
vn 0 0 1 
vn -0.12802726030349731 -0.9917489886283875 -0.006554040592163801 
vn 0.12802726030349731 -0.9917489886283875 -0.006554040592163801 
vn 0 0 1 
vn 0 0 1 
vn -0.9971474409103394 0.07544711232185364 -0.002184694167226553 
vn -0.9971474409103394 -0.07544711232185364 -0.002184694167226553 
vn 0 0 1 
vn 0 0 1 
vn 0.12802726030349731 0.9917489886283875 -0.006554040592163801 
vn -0.12802726030349731 0.9917489886283875 -0.006554040592163801 
vn 0 0 1 
vn 0 0 1 
vn 0.9971474409103394 -0.07544711232185364 -0.002184694167226553 
vn 0.9971474409103394 0.07544711232185364 -0.002184694167226553 
vn 0.4712066352367401 0.8815656304359436 -0.028397228568792343 
vn 0.12802726030349731 0.9917489886283875 -0.006554040592163801 
vn 0 0 1 
vn 0 0 1 
vn 0.7917258143424988 0.6106851696968079 -0.0152922747656703 
vn 0.4712066352367401 0.8815656304359436 -0.028397228568792343 
vn 0 0 1 
vn 0 0 1 
vn 0.9523901343345642 0.3046862781047821 -0.010923261754214764 
vn 0.7917258143424988 0.6106851696968079 -0.0152922747656703 
vn 0 0 1 
vn 0 0 1 
vn 0.9971474409103394 0.07544711232185364 -0.002184694167226553 
vn 0.9523901343345642 0.3046862781047821 -0.010923261754214764 
vn 0 0 1 
vn 0 0 1 
vn 0.12802726030349731 -0.9917489886283875 -0.006554040592163801 
vn 0.4712066352367401 -0.8815656304359436 -0.028397228568792343 
vn 0 0 1 
vn 0 0 1 
vn 0 0 1 
vn 0.7917258143424988 -0.6106851696968079 -0.0152922747656703 
vn 0.4712066352367401 -0.8815656304359436 -0.028397228568792343 
vn 0.7917258143424988 -0.6106851696968079 -0.0152922747656703 
vn 0.9523901343345642 -0.3046862781047821 -0.010923261754214764 
vn 0 0 1 
vn 0 0 1 
vn 0.9523901343345642 -0.3046862781047821 -0.010923261754214764 
vn 0.9971474409103394 -0.07544711232185364 -0.002184694167226553 
vn 0 0 1 
vn 0 0 1 
vn -0.12802726030349731 0.9917489886283875 -0.006554040592163801 
vn -0.4712066352367401 0.8815656304359436 -0.028397228568792343 
vn 0 0 1 
vn 0 0 1 
vn -0.4712066352367401 0.8815656304359436 -0.028397228568792343 
vn -0.7917258143424988 0.6106851696968079 -0.0152922747656703 
vn 0 0 1 
vn 0 0 1 
vn -0.7917258143424988 0.6106851696968079 -0.0152922747656703 
vn -0.9523901343345642 0.3046862781047821 -0.010923261754214764 
vn 0 0 1 
vn 0 0 1 
vn -0.9523901343345642 0.3046862781047821 -0.010923261754214764 
vn -0.9971474409103394 0.07544711232185364 -0.002184694167226553 
vn 0 0 1 
vn 0 0 1 
vn -0.4712066352367401 -0.8815656304359436 -0.028397228568792343 
vn -0.12802726030349731 -0.9917489886283875 -0.006554040592163801 
vn 0 0 1 
vn 0 0 1 
vn -0.7917258143424988 -0.6106851696968079 -0.0152922747656703 
vn -0.4712066352367401 -0.8815656304359436 -0.028397228568792343 
vn 0 0 1 
vn 0 0 1 
vn -0.9523901343345642 -0.3046862781047821 -0.010923261754214764 
vn -0.7917258143424988 -0.6106851696968079 -0.0152922747656703 
vn 0 0 1 
vn 0 0 1 
vn -0.9971474409103394 -0.07544711232185364 -0.002184694167226553 
vn -0.9523901343345642 -0.3046862781047821 -0.010923261754214764 
vn 0 0 1 
vn 0 0 1 
vn 0.12802726030349731 0.9917489886283875 -0.006554040592163801 
vn -0.12802726030349731 0.9917489886283875 -0.006554040592163801 
vn 0 0 1 
vn 0 0 1 
vn 0.9971474409103394 -0.07544711232185364 -0.002184694167226553 
vn 0.9971474409103394 0.07544711232185364 -0.002184694167226553 
vn 0 0 1 
vn 0 0 1 
vn -0.12802726030349731 -0.9917489886283875 -0.006554040592163801 
vn 0.12802726030349731 -0.9917489886283875 -0.006554040592163801 
vn 0 0 1 
vn 0 0 1 
vn -0.9971474409103394 0.07544711232185364 -0.002184694167226553 
vn -0.9971474409103394 -0.07544711232185364 -0.002184694167226553 
vn 0 0 1 
vn 0 0 1 
vn 1 0 -1.6858699325439375e-7 
vn 1 0 -1.6858699325439375e-7 
vn 1 0 -1.6858699325439375e-7 
vn 1 0 -1.6858699325439375e-7 
vn 1 0 -1.6858699325439375e-7 
vn 1 0 -1.6858699325439375e-7 
vn 1 0 -1.6858699325439375e-7 
vn 1 0 -1.6858699325439375e-7 
vn 1 0 -1.6858699325439375e-7 
vn 1 0 -1.6858699325439375e-7 
vn 1 0 -1.6858699325439375e-7 
vn 1 0 -1.6858699325439375e-7 
vn 1 0 -1.6858699325439375e-7 
vn 1 0 -1.6858699325439375e-7 
vn 1 0 -1.6858699325439375e-7 
vn 1 0 -1.6858699325439375e-7 
vn 1 0 -1.6858699325439375e-7 
vn 1 0 -1.6858699325439375e-7 
vn 1 0 -1.6858699325439375e-7 
vn 1 0 -1.6858699325439375e-7 
vn 1 0 -1.6858699325439375e-7 
vn 1 0 -1.6858699325439375e-7 
vn 1 0 -1.6858699325439375e-7 
vn 1 0 -1.6858699325439375e-7 
vn 1 0 -1.6858699325439375e-7 
vn 1 0 -1.6858699325439375e-7 
vn 1 0 -1.6858699325439375e-7 
vn 1 0 -1.6858699325439375e-7 
vn 1 0 -1.6858699325439375e-7 
vn 1 0 -1.6858699325439375e-7 
vn 1 0 -1.6858699325439375e-7 
vn 1 0 -1.6858699325439375e-7 
vn 1 0 -1.6858699325439375e-7 
vn 1 0 -1.6858699325439375e-7 
vn 1 0 -1.6858699325439375e-7 
vn 1 0 -1.6858699325439375e-7 
vn 1 0 -1.6858699325439375e-7 
vn 1 0 -1.6858699325439375e-7 
vn 1 0 -1.6858699325439375e-7 
vn 1 0 -1.6858699325439375e-7 
vn 1 0 -1.6858699325439375e-7 
vn 1 0 -1.6858699325439375e-7 
vn 1 0 -1.6858699325439375e-7 
vn 1 0 -1.6858699325439375e-7 
vn -0.002184527227655053 0.1429940164089203 0.9897211194038391 
vn -0.002184527227655053 0.1429940164089203 0.9897211194038391 
vn 0.002184861106798053 -0.1429940164089203 0.9897211194038391 
vn 0.002184861106798053 -0.1429940164089203 0.9897211194038391 
vn 0.0021848389878869057 -0.5108591318130493 0.8596616387367249 
vn 0.0021848389878869057 -0.5108591318130493 0.8596616387367249 
vn 0.0021848389878869057 -0.5108591318130493 0.8596616387367249 
vn 0.0021847898606210947 -0.8229818940162659 0.5680633783340454 
vn 0.0021847898606210947 -0.8229818940162659 0.5680633783340454 
vn 0.002184739336371422 -0.963268518447876 0.2685312330722809 
vn 0.002184739336371422 -0.963268518447876 0.2685312330722809 
vn 0.002184739336371422 -0.963268518447876 0.2685312330722809 
vn 0.002184705575928092 -0.9976887702941895 0.06791467219591141 
vn 0.002184705575928092 -0.9976887702941895 0.06791467219591141 
vn 0.002184705575928092 -0.9976887702941895 0.06791467219591141 
vn 0.002184682758525014 -0.9976887702941895 -0.06791467219591141 
vn 0.002184682758525014 -0.9976887702941895 -0.06791467219591141 
vn -0.002184739336371422 -0.963268518447876 -0.2685312330722809 
vn -0.002184739336371422 -0.963268518447876 -0.2685312330722809 
vn -0.0021847898606210947 -0.8229818940162659 -0.5680633783340454 
vn -0.0021847898606210947 -0.8229818940162659 -0.5680633783340454 
vn -0.0021847898606210947 -0.8229818940162659 -0.5680633783340454 
vn -0.0021848389878869057 -0.5108591318130493 -0.8596616387367249 
vn -0.0021848389878869057 -0.5108591318130493 -0.8596616387367249 
vn -0.0021848389878869057 -0.5108591318130493 -0.8596616387367249 
vn -0.002184861106798053 -0.1429940164089203 -0.9897211194038391 
vn -0.002184861106798053 -0.1429940164089203 -0.9897211194038391 
vn -0.002184861106798053 -0.1429940164089203 -0.9897211194038391 
vn 0.002184527227655053 0.1429940164089203 -0.9897211194038391 
vn 0.002184527227655053 0.1429940164089203 -0.9897211194038391 
vn 0.0021845493465662003 0.5108591318130493 -0.8596616387367249 
vn 0.0021845493465662003 0.5108591318130493 -0.8596616387367249 
vn 0.0021845984738320112 0.8229818940162659 -0.5680633783340454 
vn 0.0021845984738320112 0.8229818940162659 -0.5680633783340454 
vn 0.002184648998081684 0.963268518447876 -0.2685312330722809 
vn 0.002184648998081684 0.963268518447876 -0.2685312330722809 
vn 0.002184648998081684 0.963268518447876 -0.2685312330722809 
vn -0.002184705575928092 0.9976887702941895 -0.06791467219591141 
vn -0.002184705575928092 0.9976887702941895 -0.06791467219591141 
vn -0.002184705575928092 0.9976887702941895 -0.06791467219591141 
vn 0.002184705575928092 0.9976887702941895 0.06791467219591141 
vn 0.002184705575928092 0.9976887702941895 0.06791467219591141 
vn 0.002184705575928092 0.9976887702941895 0.06791467219591141 
vn 0.002184739336371422 0.963268518447876 0.2685312330722809 
vn 0.002184739336371422 0.963268518447876 0.2685312330722809 
vn -0.0021845984738320112 0.8229818940162659 0.5680633783340454 
vn -0.0021845984738320112 0.8229818940162659 0.5680633783340454 
vn -0.0021845984738320112 0.8229818940162659 0.5680633783340454 
vn -0.0021845493465662003 0.5108591318130493 0.8596616387367249 
vn -0.0021845493465662003 0.5108591318130493 0.8596616387367249 
vn -0.002184527227655053 0.1429940164089203 0.9897211194038391 
vn 1 0 -1.6858699325439375e-7 
vn 1 0 -1.6858699325439375e-7 
vn 1 0 -1.6858699325439375e-7 
vn 1 0 -1.6858699325439375e-7 
vn 1 0 -1.6858699325439375e-7 
vn 1 0 -1.6858699325439375e-7 
vn -1 0 1.6858720641721447e-7 
vn -1 0 1.6858720641721447e-7 
vn -1 0 1.6858720641721447e-7 
vn -1 0 1.6858720641721447e-7 
vn -1 0 1.6858720641721447e-7 
vn -1 0 1.6858720641721447e-7 
vn -1 0 1.6858720641721447e-7 
vn -1 0 1.6858720641721447e-7 
vn -1 0 1.6858720641721447e-7 
vn -1 0 1.6858720641721447e-7 
vn -1 0 1.6858720641721447e-7 
vn -1 0 1.6858720641721447e-7 
vn -1 0 1.6858720641721447e-7 
vn -1 0 1.6858720641721447e-7 
vn -1 0 1.6858720641721447e-7 
vn -1 0 1.6858720641721447e-7 
vn -1 0 1.6858720641721447e-7 
vn -1 0 1.6858720641721447e-7 
vn -1 0 1.6858720641721447e-7 
vn -1 0 1.6858720641721447e-7 
vn -1 0 1.6858720641721447e-7 
vn -1 0 1.6858720641721447e-7 
vn -1 0 1.6858720641721447e-7 
vn -1 0 1.6858720641721447e-7 
vn -1 0 1.6858720641721447e-7 
vn -1 0 1.6858720641721447e-7 
vn -1 0 1.6858720641721447e-7 
vn -1 0 1.6858720641721447e-7 
vn -1 0 1.6858720641721447e-7 
vn -1 0 1.6858720641721447e-7 
vn -1 0 1.6858720641721447e-7 
vn -1 0 1.6858720641721447e-7 
vn -1 0 1.6858720641721447e-7 
vn -1 0 1.6858720641721447e-7 
vn -1 0 1.6858720641721447e-7 
vn -1 0 1.6858720641721447e-7 
vn -1 0 1.6858720641721447e-7 
vn -1 0 1.6858720641721447e-7 
vn -1 0 1.6858720641721447e-7 
vn -1 0 1.6858720641721447e-7 
vn -1 0 1.6858720641721447e-7 
vn -1 0 1.6858720641721447e-7 
vn -1 0 1.6858720641721447e-7 
vn -1 0 1.6858720641721447e-7 
vn -1 0 1.6858720641721447e-7 
vn -1 0 1.6858720641721447e-7 
vn -1 0 1.6858720641721447e-7 
vn -0.0021845493465662003 -0.5108591318130493 0.8596616387367249 
vn -0.0021845493465662003 -0.5108591318130493 0.8596616387367249 
vn -0.002184527227655053 -0.1429940164089203 0.9897211194038391 
vn -0.002184527227655053 -0.1429940164089203 0.9897211194038391 
vn 0.002184861106798053 0.1429940164089203 0.9897211194038391 
vn 0.002184861106798053 0.1429940164089203 0.9897211194038391 
vn 0.0021848389878869057 0.5108591318130493 0.8596616387367249 
vn 0.0021848389878869057 0.5108591318130493 0.8596616387367249 
vn 0.0021847898606210947 0.8229818940162659 0.5680633783340454 
vn 0.0021847898606210947 0.8229818940162659 0.5680633783340454 
vn 0.0021847898606210947 0.8229818940162659 0.5680633783340454 
vn 0.002184739336371422 0.963268518447876 0.2685312330722809 
vn 0.002184739336371422 0.963268518447876 0.2685312330722809 
vn -0.002184682758525014 0.9976887702941895 0.06791467219591141 
vn -0.002184682758525014 0.9976887702941895 0.06791467219591141 
vn 0.002184682758525014 0.9976887702941895 -0.06791467219591141 
vn 0.002184682758525014 0.9976887702941895 -0.06791467219591141 
vn 0.002184648998081684 0.963268518447876 -0.2685312330722809 
vn 0.002184648998081684 0.963268518447876 -0.2685312330722809 
vn 0.0021845984738320112 0.8229818940162659 -0.5680633783340454 
vn 0.0021845984738320112 0.8229818940162659 -0.5680633783340454 
vn 0.0021845493465662003 0.5108591318130493 -0.8596616387367249 
vn 0.0021845493465662003 0.5108591318130493 -0.8596616387367249 
vn 0.002184527227655053 0.1429940164089203 -0.9897211194038391 
vn 0.002184527227655053 0.1429940164089203 -0.9897211194038391 
vn 0.002184527227655053 -0.1429940164089203 -0.9897211194038391 
vn 0.002184527227655053 -0.1429940164089203 -0.9897211194038391 
vn 0.002184527227655053 -0.1429940164089203 -0.9897211194038391 
vn 0.0021845493465662003 -0.5108591318130493 -0.8596616387367249 
vn 0.0021845493465662003 -0.5108591318130493 -0.8596616387367249 
vn 0.0021845984738320112 -0.8229818940162659 -0.5680633783340454 
vn 0.0021845984738320112 -0.8229818940162659 -0.5680633783340454 
vn 0.002184648998081684 -0.963268518447876 -0.2685312330722809 
vn 0.002184648998081684 -0.963268518447876 -0.2685312330722809 
vn 0.002184682758525014 -0.9976887702941895 -0.06791467219591141 
vn 0.002184682758525014 -0.9976887702941895 -0.06791467219591141 
vn 0.002184705575928092 -0.9976887702941895 0.06791467219591141 
vn 0.002184705575928092 -0.9976887702941895 0.06791467219591141 
vn -0.002184648998081684 -0.963268518447876 0.2685312330722809 
vn -0.002184648998081684 -0.963268518447876 0.2685312330722809 
vn -0.0021845984738320112 -0.8229818940162659 0.5680633783340454 
vn -0.0021845984738320112 -0.8229818940162659 0.5680633783340454 
vn -0.0021845493465662003 -0.5108591318130493 0.8596616387367249 
vn -1 0 1.6858720641721447e-7 
vn -1 0 1.6858720641721447e-7 
vn -1 0 1.6858720641721447e-7 
vn -1 0 1.6858720641721447e-7 
vn -1 0 1.6858720641721447e-7 
vn -1 0 1.6858720641721447e-7 
vn -0.0021847898606210947 0.8229818940162659 -0.5680633783340454 
vn -0.0021847898606210947 0.8229818940162659 -0.5680633783340454 
vn -0.0021848389878869057 0.5108591318130493 -0.8596616387367249 
vn -0.0021848389878869057 0.5108591318130493 -0.8596616387367249 
vn -0.002184861106798053 0.1429940164089203 -0.9897211194038391 
vn -0.002184861106798053 0.1429940164089203 -0.9897211194038391 
vn -0.0021847898606210947 0.8229818940162659 -0.5680633783340454 
vn -0.002184739336371422 0.963268518447876 -0.2685312330722809 
vn -0.002184739336371422 0.963268518447876 -0.2685312330722809 
vn 0.002184682758525014 0.9976887702941895 -0.06791467219591141 
vn 0.002184682758525014 0.9976887702941895 -0.06791467219591141 
vn 0.002184682758525014 0.9976887702941895 -0.06791467219591141 
vn 0.002184705575928092 0.9976887702941895 0.06791467219591141 
vn 0.002184705575928092 0.9976887702941895 0.06791467219591141 
vn 0.002184705575928092 0.9976887702941895 0.06791467219591141 
vn 0.002184739336371422 0.963268518447876 0.2685312330722809 
vn 0.002184739336371422 0.963268518447876 0.2685312330722809 
vn 0.0021847898606210947 0.8229818940162659 0.5680633783340454 
vn 0.0021847898606210947 0.8229818940162659 0.5680633783340454 
vn 0.0021847898606210947 0.8229818940162659 0.5680633783340454 
vn 0.0021848389878869057 0.5108591318130493 0.8596616387367249 
vn 0.0021848389878869057 0.5108591318130493 0.8596616387367249 
vn 0.002184861106798053 0.1429940164089203 0.9897211194038391 
vn 0.002184861106798053 0.1429940164089203 0.9897211194038391 
vn 0.002184861106798053 -0.1429940164089203 0.9897211194038391 
vn 0.002184861106798053 -0.1429940164089203 0.9897211194038391 
vn 0.0021848389878869057 -0.5108591318130493 0.8596616387367249 
vn 0.002184861106798053 -0.1429940164089203 0.9897211194038391 
vn 0.0021848389878869057 -0.5108591318130493 0.8596616387367249 
vn 0.0021847898606210947 -0.8229818940162659 0.5680633783340454 
vn 0.0021847898606210947 -0.8229818940162659 0.5680633783340454 
vn 0.0021847898606210947 -0.8229818940162659 0.5680633783340454 
vn 0.002184739336371422 -0.963268518447876 0.2685312330722809 
vn 0.002184739336371422 -0.963268518447876 0.2685312330722809 
vn 0.002184705575928092 -0.9976887702941895 0.06791467219591141 
vn 0.002184705575928092 -0.9976887702941895 0.06791467219591141 
vn -0.002184705575928092 -0.9976887702941895 -0.06791467219591141 
vn -0.002184705575928092 -0.9976887702941895 -0.06791467219591141 
vn 0.002184648998081684 -0.963268518447876 -0.2685312330722809 
vn -0.002184705575928092 -0.9976887702941895 -0.06791467219591141 
vn 0.002184648998081684 -0.963268518447876 -0.2685312330722809 
vn 0.0021845984738320112 -0.8229818940162659 -0.5680633783340454 
vn 0.002184648998081684 -0.963268518447876 -0.2685312330722809 
vn 0.0021845984738320112 -0.8229818940162659 -0.5680633783340454 
vn 0.0021845493465662003 -0.5108591318130493 -0.8596616387367249 
vn 0.0021845984738320112 -0.8229818940162659 -0.5680633783340454 
vn 0.0021845493465662003 -0.5108591318130493 -0.8596616387367249 
vn 0.002184527227655053 -0.1429940164089203 -0.9897211194038391 
vn 0.002184527227655053 -0.1429940164089203 -0.9897211194038391 
vn -0.002184861106798053 0.1429940164089203 -0.9897211194038391 
vn 0.002184527227655053 -0.1429940164089203 -0.9897211194038391 
vn 0.002184648998081684 0.963268518447876 -0.2685312330722809 
vn 0.0021845984738320112 0.8229818940162659 -0.5680633783340454 
vn 0.002184648998081684 0.963268518447876 -0.2685312330722809 
vn 0.0021845984738320112 0.8229818940162659 -0.5680633783340454 
vn 0.0021845493465662003 0.5108591318130493 -0.8596616387367249 
vn 0.0021845493465662003 0.5108591318130493 -0.8596616387367249 
vn 0.002184527227655053 0.1429940164089203 -0.9897211194038391 
vn 0.002184527227655053 0.1429940164089203 -0.9897211194038391 
vn 0.002184648998081684 0.963268518447876 -0.2685312330722809 
vn 0.002184682758525014 0.9976887702941895 -0.06791467219591141 
vn 0.002184682758525014 0.9976887702941895 -0.06791467219591141 
vn 0.002184705575928092 0.9976887702941895 0.06791467219591141 
vn 0.002184705575928092 0.9976887702941895 0.06791467219591141 
vn -0.002184648998081684 0.963268518447876 0.2685312330722809 
vn -0.002184648998081684 0.963268518447876 0.2685312330722809 
vn -0.0021845984738320112 0.8229818940162659 0.5680633783340454 
vn -0.0021845984738320112 0.8229818940162659 0.5680633783340454 
vn -0.0021845493465662003 0.5108591318130493 0.8596616387367249 
vn -0.0021845493465662003 0.5108591318130493 0.8596616387367249 
vn -0.0021845493465662003 0.5108591318130493 0.8596616387367249 
vn -0.002184527227655053 0.1429940164089203 0.9897211194038391 
vn -0.002184527227655053 0.1429940164089203 0.9897211194038391 
vn 0.002184861106798053 -0.1429940164089203 0.9897211194038391 
vn 0.002184861106798053 -0.1429940164089203 0.9897211194038391 
vn 0.0021848389878869057 -0.5108591318130493 0.8596616387367249 
vn 0.0021848389878869057 -0.5108591318130493 0.8596616387367249 
vn 0.0021847898606210947 -0.8229818940162659 0.5680633783340454 
vn 0.0021847898606210947 -0.8229818940162659 0.5680633783340454 
vn -0.002184648998081684 -0.963268518447876 0.2685312330722809 
vn -0.002184648998081684 -0.963268518447876 0.2685312330722809 
vn -0.002184682758525014 -0.9976887702941895 0.06791467219591141 
vn -0.002184682758525014 -0.9976887702941895 0.06791467219591141 
vn 0.002184682758525014 -0.9976887702941895 -0.06791467219591141 
vn 0.002184682758525014 -0.9976887702941895 -0.06791467219591141 
vn 0.002184648998081684 -0.963268518447876 -0.2685312330722809 
vn 0.002184648998081684 -0.963268518447876 -0.2685312330722809 
vn 0.002184648998081684 -0.963268518447876 -0.2685312330722809 
vn -0.0021847898606210947 -0.8229818940162659 -0.5680633783340454 
vn -0.0021847898606210947 -0.8229818940162659 -0.5680633783340454 
vn -0.0021848389878869057 -0.5108591318130493 -0.8596616387367249 
vn -0.0021848389878869057 -0.5108591318130493 -0.8596616387367249 
vn 0.002184527227655053 -0.1429940164089203 -0.9897211194038391 
vn 0.002184527227655053 -0.1429940164089203 -0.9897211194038391 
vn 0.002184527227655053 0.1429940164089203 -0.9897211194038391 
vn -1 0 1.6858720641721447e-7 
vn -1 0 1.6858720641721447e-7 
vn -1 0 1.6858720641721447e-7 
vn -1 0 1.6858720641721447e-7 
vn -1 0 1.6858720641721447e-7 
vn -1 0 1.6858720641721447e-7 
vn -1 0 1.6858720641721447e-7 
vn -1 0 1.6858720641721447e-7 
vn -1 0 1.6858720641721447e-7 
vn -1 0 1.6858720641721447e-7 
vn -1 0 1.6858720641721447e-7 
vn -1 0 1.6858720641721447e-7 
vn -1 0 1.6858720641721447e-7 
vn -1 0 1.6858720641721447e-7 
vn -1 0 1.6858720641721447e-7 
vn -1 0 1.6858720641721447e-7 
vn -1 0 1.6858720641721447e-7 
vn -1 0 1.6858720641721447e-7 
vn -1 0 1.6858720641721447e-7 
vn -1 0 1.6858720641721447e-7 
vn -1 0 1.6858720641721447e-7 
vn -1 0 1.6858720641721447e-7 
vn -1 0 1.6858720641721447e-7 
vn -1 0 1.6858720641721447e-7 
vn -1 0 1.6858720641721447e-7 
vn -1 0 1.6858720641721447e-7 
vn -1 0 1.6858720641721447e-7 
vn -1 0 1.6858720641721447e-7 
vn -1 0 1.6858720641721447e-7 
vn -1 0 1.6858720641721447e-7 
vn -1 0 1.6858720641721447e-7 
vn -1 0 1.6858720641721447e-7 
vn -1 0 1.6858720641721447e-7 
vn -1 0 1.6858720641721447e-7 
vn -1 0 1.6858720641721447e-7 
vn -1 0 1.6858720641721447e-7 
vn -1 0 1.6858720641721447e-7 
vn -1 0 1.6858720641721447e-7 
vn -1 0 1.6858720641721447e-7 
vn -1 0 1.6858720641721447e-7 
vn 1 0 -1.6858699325439375e-7 
vn 1 0 -1.6858699325439375e-7 
vn 1 0 -1.6858699325439375e-7 
vn 1 0 -1.6858699325439375e-7 
vn 1 0 -1.6858699325439375e-7 
vn 1 0 -1.6858699325439375e-7 
vn 1 0 -1.6858699325439375e-7 
vn 1 0 -1.6858699325439375e-7 
vn 1 0 -1.6858699325439375e-7 
vn 1 0 -1.6858699325439375e-7 
vn 1 0 -1.6858699325439375e-7 
vn 1 0 -1.6858699325439375e-7 
vn 1 0 -1.6858699325439375e-7 
vn 1 0 -1.6858699325439375e-7 
vn 1 0 -1.6858699325439375e-7 
vn 1 0 -1.6858699325439375e-7 
vn 1 0 -1.6858699325439375e-7 
vn 1 0 -1.6858699325439375e-7 
vn 1 0 -1.6858699325439375e-7 
vn 1 0 -1.6858699325439375e-7 
vn 1 0 -1.6858699325439375e-7 
vn 1 0 -1.6858699325439375e-7 
vn 1 0 -1.6858699325439375e-7 
vn 1 0 -1.6858699325439375e-7 
vn 1 0 -1.6858699325439375e-7 
vn 1 0 -1.6858699325439375e-7 
vn 1 0 -1.6858699325439375e-7 
vn 1 0 -1.6858699325439375e-7 
vn 1 0 -1.6858699325439375e-7 
vn 1 0 -1.6858699325439375e-7 
vn 1 0 -1.6858699325439375e-7 
vn 1 0 -1.6858699325439375e-7 
vn 1 0 -1.6858699325439375e-7 
vn 1 0 -1.6858699325439375e-7 
vn 1 0 -1.6858699325439375e-7 
vn 1 0 -1.6858699325439375e-7 
vn 1 0 -1.6858699325439375e-7 
vn 1 0 -1.6858699325439375e-7 
vn 1 0 -1.6858699325439375e-7 
vn 1 0 -1.6858699325439375e-7 
vn 1 0 -1.6858699325439375e-7 
vn 1 0 -1.6858699325439375e-7 
vn 1 0 -1.6858699325439375e-7 
vn 1 0 -1.6858699325439375e-7 
vn 1 0 -1.6858699325439375e-7 
vn 1 0 -1.6858699325439375e-7 
vn -0.010923216119408607 -0.963213324546814 0.26851585507392883 
vn -0.002184682758525014 -0.9976887702941895 0.06791467219591141 
vn 1 0 -1.6858699325439375e-7 
vn -0.002184682758525014 -0.9976887702941895 0.06791467219591141 
vn -0.002184705575928092 -0.9976887702941895 -0.06791467219591141 
vn 1 0 -1.6858699325439375e-7 
vn -0.01092330738902092 -0.963213324546814 -0.26851585507392883 
vn -0.015292370691895485 -0.822887659072876 -0.5679983496665955 
vn 1 0 -1.6858699325439375e-7 
vn 1 0 -1.6858699325439375e-7 
vn -0.015292370691895485 -0.822887659072876 -0.5679983496665955 
vn 1 0 -1.6858699325439375e-7 
vn -0.028397373855113983 -0.5106543302536011 -0.8593170046806335 
vn -0.010923216119408607 -0.963213324546814 0.26851585507392883 
vn 1 0 -1.6858699325439375e-7 
vn -0.015292178839445114 -0.822887659072876 0.5679983496665955 
vn 1 0 -1.6858699325439375e-7 
vn -0.028397083282470703 -0.5106543302536011 0.8593170046806335 
vn 1 0 -1.6858699325439375e-7 
vn -0.028397083282470703 -0.5106543302536011 0.8593170046806335 
vn 1 0 -1.6858699325439375e-7 
vn -0.010923095047473907 -0.14298582077026367 0.9896644353866577 
vn 1 0 -1.6858699325439375e-7 
vn -0.010923095047473907 0.14298582077026367 0.9896644353866577 
vn 1 0 -1.6858699325439375e-7 
vn 1 0 -1.6858699325439375e-7 
vn -0.028397083282470703 0.5106543302536011 0.8593170046806335 
vn -0.010923095047473907 0.14298582077026367 0.9896644353866577 
vn -0.015292178839445114 0.822887659072876 0.5679983496665955 
vn 1 0 -1.6858699325439375e-7 
vn -0.010923216119408607 0.963213324546814 0.26851585507392883 
vn 1 0 -1.6858699325439375e-7 
vn -0.002184682758525014 0.9976887702941895 0.06791467219591141 
vn 1 0 -1.6858699325439375e-7 
vn -0.015292178839445114 0.822887659072876 0.5679983496665955 
vn 1 0 -1.6858699325439375e-7 
vn -0.028397083282470703 0.5106543302536011 0.8593170046806335 
vn -0.002184682758525014 0.9976887702941895 0.06791467219591141 
vn -0.002184705575928092 0.9976887702941895 -0.06791467219591141 
vn 1 0 -1.6858699325439375e-7 
vn -0.002184705575928092 0.9976887702941895 -0.06791467219591141 
vn -0.01092330738902092 0.963213324546814 -0.26851585507392883 
vn 1 0 -1.6858699325439375e-7 
vn -0.01092330738902092 0.963213324546814 -0.26851585507392883 
vn -0.015292370691895485 0.822887659072876 -0.5679983496665955 
vn 1 0 -1.6858699325439375e-7 
vn 1 0 -1.6858699325439375e-7 
vn -0.028397373855113983 0.5106543302536011 -0.8593170046806335 
vn 1 0 -1.6858699325439375e-7 
vn 1 0 -1.6858699325439375e-7 
vn -0.01092342846095562 0.14298582077026367 -0.9896644353866577 
vn 1 0 -1.6858699325439375e-7 
vn -0.01092342846095562 -0.14298582077026367 -0.9896644353866577 
vn 1 0 -1.6858699325439375e-7 
vn 1 0 -1.6858699325439375e-7 
vn -0.028397373855113983 -0.5106543302536011 -0.8593170046806335 
vn -0.01092342846095562 -0.14298582077026367 -0.9896644353866577 
vn -1 0 1.6858720641721447e-7 
vn 0.010923216119408607 -0.963213324546814 -0.26851585507392883 
vn -1 4.2775797696334704e-26 1.6858679430242773e-7 
vn 0.002184682758525014 -0.9976887702941895 -0.06791467219591141 
vn -1 0 1.6858720641721447e-7 
vn 0.002184705575928092 -0.9976887702941895 0.06791467219591141 
vn -1 4.2775797696334704e-26 1.6858679430242773e-7 
vn 0.01092330738902092 -0.963213324546814 0.26851585507392883 
vn -1 0 1.6858720641721447e-7 
vn 0.015292178839445114 -0.822887659072876 -0.5679983496665955 
vn -1 0 1.6858720641721447e-7 
vn 0.028397083282470703 -0.5106543302536011 -0.8593170046806335 
vn -1 0 1.6858720641721447e-7 
vn -1 0 1.6858720641721447e-7 
vn 0.010923095047473907 -0.14298582077026367 -0.9896644353866577 
vn -1 4.2775797696334704e-26 1.6858679430242773e-7 
vn 0.010923095047473907 -0.14298582077026367 -0.9896644353866577 
vn 0.010923095047473907 0.14298582077026367 -0.9896644353866577 
vn -1 4.2775797696334704e-26 1.6858679430242773e-7 
vn 0.028397083282470703 0.5106543302536011 -0.8593170046806335 
vn -1 0 1.6858720641721447e-7 
vn -1 0 1.6858720641721447e-7 
vn 0.015292178839445114 0.822887659072876 -0.5679983496665955 
vn -1 4.2775797696334704e-26 1.6858679430242773e-7 
vn 0.010923216119408607 0.963213324546814 -0.26851585507392883 
vn -1 4.2775797696334704e-26 1.6858679430242773e-7 
vn 0.002184682758525014 0.9976887702941895 -0.06791467219591141 
vn -1 4.2775797696334704e-26 1.6858679430242773e-7 
vn 0.002184705575928092 0.9976887702941895 0.06791467219591141 
vn -1 4.2775797696334704e-26 1.6858679430242773e-7 
vn 0.01092330738902092 0.963213324546814 0.26851585507392883 
vn -1 4.2775797696334704e-26 1.6858679430242773e-7 
vn 0.015292370691895485 0.822887659072876 0.5679983496665955 
vn -1 4.2775797696334704e-26 1.6858679430242773e-7 
vn -1 4.2775797696334704e-26 1.6858679430242773e-7 
vn 0.028397373855113983 0.5106543302536011 0.8593170046806335 
vn 0.015292370691895485 0.822887659072876 0.5679983496665955 
vn -1 4.2775797696334704e-26 1.6858679430242773e-7 
vn 0.01092342846095562 0.14298582077026367 0.9896644353866577 
vn -1 0 1.6858720641721447e-7 
vn 0.01092342846095562 -0.14298582077026367 0.9896644353866577 
vn -1 0 1.6858720641721447e-7 
vn 0.028397373855113983 -0.5106543302536011 0.8593170046806335 
vn -1 4.2775797696334704e-26 1.6858679430242773e-7 
vn -1 4.2775797696334704e-26 1.6858679430242773e-7 
vn -1 0 1.6858720641721447e-7 
vn 0.015292370691895485 -0.822887659072876 0.5679983496665955 
vn -1 4.2775797696334704e-26 1.6858679430242773e-7 
vn 0.028397373855113983 -0.5106543302536011 0.8593170046806335 
vn -0.002184705575928092 0.9976887702941895 -0.06791467219591141 
vn 1 0 -1.6858699325439375e-7 
vn -0.002184682758525014 0.9976887702941895 0.06791467219591141 
vn 1 0 -1.6858699325439375e-7 
vn -0.002184705575928092 0.9976887702941895 -0.06791467219591141 
vn 1 0 -1.6858699325439375e-7 
vn -0.01092330738902092 0.963213324546814 -0.26851585507392883 
vn -0.002184682758525014 0.9976887702941895 0.06791467219591141 
vn -0.010923216119408607 0.963213324546814 0.26851585507392883 
vn 1 0 -1.6858699325439375e-7 
vn 1 0 -1.6858699325439375e-7 
vn 1 0 -1.6858699325439375e-7 
vn -0.015292370691895485 0.822887659072876 -0.5679983496665955 
vn -0.015292370691895485 0.822887659072876 -0.5679983496665955 
vn 1 0 -1.6858699325439375e-7 
vn -0.028397373855113983 0.5106543302536011 -0.8593170046806335 
vn -0.01092342846095562 0.14298582077026367 -0.9896644353866577 
vn 1 0 -1.6858699325439375e-7 
vn -0.028397373855113983 0.5106543302536011 -0.8593170046806335 
vn 1 0 -1.6858699325439375e-7 
vn -0.01092342846095562 0.14298582077026367 -0.9896644353866577 
vn 1 0 -1.6858699325439375e-7 
vn -0.01092342846095562 -0.14298582077026367 -0.9896644353866577 
vn -0.01092342846095562 -0.14298582077026367 -0.9896644353866577 
vn 1 0 -1.6858699325439375e-7 
vn -0.028397373855113983 -0.5106543302536011 -0.8593170046806335 
vn -0.015292370691895485 -0.822887659072876 -0.5679983496665955 
vn 1 0 -1.6858699325439375e-7 
vn 1 0 -1.6858699325439375e-7 
vn -0.002184705575928092 -0.9976887702941895 -0.06791467219591141 
vn 1 0 -1.6858699325439375e-7 
vn -0.01092330738902092 -0.963213324546814 -0.26851585507392883 
vn 1 0 -1.6858699325439375e-7 
vn 1 0 -1.6858699325439375e-7 
vn -0.015292370691895485 -0.822887659072876 -0.5679983496665955 
vn -0.01092330738902092 -0.963213324546814 -0.26851585507392883 
vn -0.002184705575928092 -0.9976887702941895 -0.06791467219591141 
vn 1 0 -1.6858699325439375e-7 
vn -0.002184682758525014 -0.9976887702941895 0.06791467219591141 
vn 1 0 -1.6858699325439375e-7 
vn -0.010923216119408607 -0.963213324546814 0.26851585507392883 
vn 1 0 -1.6858699325439375e-7 
vn -0.015292178839445114 -0.822887659072876 0.5679983496665955 
vn -0.010923216119408607 0.963213324546814 0.26851585507392883 
vn 1 0 -1.6858699325439375e-7 
vn -0.015292178839445114 0.822887659072876 0.5679983496665955 
vn 1 0 -1.6858699325439375e-7 
vn -0.015292178839445114 0.822887659072876 0.5679983496665955 
vn 1 0 -1.6858699325439375e-7 
vn -0.028397083282470703 0.5106543302536011 0.8593170046806335 
vn 1 0 -1.6858699325439375e-7 
vn 1 0 -1.6858699325439375e-7 
vn -0.010923095047473907 0.14298582077026367 0.9896644353866577 
vn 1 0 -1.6858699325439375e-7 
vn -0.010923095047473907 -0.14298582077026367 0.9896644353866577 
vn 1 0 -1.6858699325439375e-7 
vn -0.010923095047473907 -0.14298582077026367 0.9896644353866577 
vn -0.028397083282470703 -0.5106543302536011 0.8593170046806335 
vn 1 0 -1.6858699325439375e-7 
vn 1 0 -1.6858699325439375e-7 
vn -0.015292178839445114 -0.822887659072876 0.5679983496665955 
vn 1 0 -1.6858699325439375e-7 
vn -1 4.2775797696334704e-26 1.6858679430242773e-7 
vn 0.010923216119408607 0.963213324546814 -0.26851585507392883 
vn -1 0 1.6858720641721447e-7 
vn 0.002184682758525014 0.9976887702941895 -0.06791467219591141 
vn -1 0 1.6858720641721447e-7 
vn 0.002184705575928092 0.9976887702941895 0.06791467219591141 
vn -1 4.2775797696334704e-26 1.6858679430242773e-7 
vn 0.01092330738902092 0.963213324546814 0.26851585507392883 
vn -1 4.2775797696334704e-26 1.6858679430242773e-7 
vn -1 4.2775797696334704e-26 1.6858679430242773e-7 
vn 0.015292370691895485 0.822887659072876 0.5679983496665955 
vn -1 4.2775797696334704e-26 1.6858679430242773e-7 
vn 0.028397373855113983 0.5106543302536011 0.8593170046806335 
vn 0.010923216119408607 0.963213324546814 -0.26851585507392883 
vn -1 4.2775797696334704e-26 1.6858679430242773e-7 
vn 0.015292178839445114 0.822887659072876 -0.5679983496665955 
vn -1 4.2775797696334704e-26 1.6858679430242773e-7 
vn 0.028397083282470703 0.5106543302536011 -0.8593170046806335 
vn -1 0 1.6858720641721447e-7 
vn -1 0 1.6858720641721447e-7 
vn 0.010923095047473907 0.14298582077026367 -0.9896644353866577 
vn -1 0 1.6858720641721447e-7 
vn 0.010923095047473907 0.14298582077026367 -0.9896644353866577 
vn 0.010923095047473907 -0.14298582077026367 -0.9896644353866577 
vn -1 0 1.6858720641721447e-7 
vn 0.028397083282470703 -0.5106543302536011 -0.8593170046806335 
vn -1 0 1.6858720641721447e-7 
vn -1 0 1.6858720641721447e-7 
vn 0.015292178839445114 -0.822887659072876 -0.5679983496665955 
vn -1 0 1.6858720641721447e-7 
vn -1 0 1.6858720641721447e-7 
vn 0.010923216119408607 -0.963213324546814 -0.26851585507392883 
vn -1 4.2775797696334704e-26 1.6858679430242773e-7 
vn 0.010923216119408607 -0.963213324546814 -0.26851585507392883 
vn 0.002184682758525014 -0.9976887702941895 -0.06791467219591141 
vn -1 0 1.6858720641721447e-7 
vn 0.002184705575928092 -0.9976887702941895 0.06791467219591141 
vn -1 4.2775797696334704e-26 1.6858679430242773e-7 
vn 0.01092330738902092 -0.963213324546814 0.26851585507392883 
vn -1 0 1.6858720641721447e-7 
vn 0.015292370691895485 -0.822887659072876 0.5679983496665955 
vn -1 0 1.6858720641721447e-7 
vn 0.028397373855113983 -0.5106543302536011 0.8593170046806335 
vn -1 4.2775797696334704e-26 1.6858679430242773e-7 
vn -1 4.2775797696334704e-26 1.6858679430242773e-7 
vn 0.01092342846095562 -0.14298582077026367 0.9896644353866577 
vn -1 4.2775797696334704e-26 1.6858679430242773e-7 
vn 0.01092342846095562 0.14298582077026367 0.9896644353866577 
vn -1 4.2775797696334704e-26 1.6858679430242773e-7 
vn 0.028397373855113983 0.5106543302536011 0.8593170046806335 
vn -1 4.2775797696334704e-26 1.6858679430242773e-7 
s on 
f 1//1 2//2 3//3 
f 2//2 4//4 3//3 
f 3//3 4//4 5//5 
f 4//4 6//6 5//5 
f 5//5 6//6 7//7 
f 6//6 8//8 7//7 
f 7//7 8//8 9//9 
f 8//8 10//10 9//9 
f 9//9 10//10 11//11 
f 10//10 12//12 11//11 
f 11//11 12//12 12//12 
f 12//12 13//13 12//12 
f 12//12 13//13 13//13 
f 13//13 14//14 13//13 
f 13//13 14//14 15//15 
f 14//14 16//16 15//15 
f 15//15 16//16 16//16 
f 16//16 17//17 16//16 
f 16//16 17//17 17//17 
f 17//17 18//18 17//17 
f 17//17 18//18 19//19 
f 18//18 20//20 19//19 
f 19//19 20//20 21//21 
f 20//20 22//22 21//21 
f 21//21 22//22 23//23 
f 22//22 24//24 23//23 
f 23//23 24//24 24//24 
f 24//24 25//25 24//24 
f 24//24 25//25 25//25 
f 25//25 26//26 25//25 
f 25//25 26//26 27//27 
f 26//26 28//28 27//27 
f 27//27 28//28 29//29 
f 28//28 30//30 29//29 
f 29//29 30//30 31//31 
f 30//30 32//32 31//31 
f 31//31 32//32 33//33 
f 32//32 34//34 33//33 
f 33//33 34//34 35//35 
f 34//34 36//36 35//35 
f 35//35 36//36 37//37 
f 36//36 38//38 37//37 
f 37//37 38//38 38//38 
f 38//38 39//39 38//38 
f 38//38 39//39 39//39 
f 39//39 38//38 39//39 
f 39//39 38//38 40//40 
f 38//38 41//41 40//40 
f 40//40 41//41 42//42 
f 41//41 43//43 42//42 
f 42//42 43//43 43//43 
f 43//43 44//44 43//43 
f 43//43 44//44 44//44 
f 44//44 45//45 44//44 
f 44//44 45//45 46//46 
f 45//45 47//47 46//46 
f 46//46 47//47 47//47 
f 47//47 48//48 47//47 
f 47//47 48//48 48//48 
f 48//48 49//49 48//48 
f 48//48 49//49 50//50 
f 49//49 51//51 50//50 
f 50//50 51//51 51//51 
f 51//51 52//52 51//51 
f 51//51 52//52 52//52 
f 52//52 53//53 52//52 
f 52//52 53//53 54//54 
f 53//53 55//55 54//54 
f 54//54 55//55 56//56 
f 55//55 57//57 56//56 
f 56//56 57//57 57//57 
f 57//57 58//58 57//57 
f 57//57 58//58 58//58 
f 58//58 59//59 58//58 
f 58//58 59//59 60//60 
f 59//59 61//61 60//60 
f 60//60 61//61 61//61 
f 61//61 62//62 61//61 
f 61//61 62//62 62//62 
f 62//62 63//63 62//62 
f 62//62 63//63 64//64 
f 63//63 65//65 64//64 
f 64//64 65//65 65//65 
f 65//65 66//66 65//65 
f 65//65 66//66 66//66 
f 66//66 67//67 66//66 
f 66//66 67//67 68//68 
f 67//67 69//69 68//68 
f 68//68 69//69 69//69 
f 69//69 70//70 69//69 
f 69//69 70//70 70//70 
f 70//70 71//71 70//70 
f 70//70 71//71 72//72 
f 71//71 73//73 72//72 
f 72//72 73//73 73//73 
f 73//73 74//74 73//73 
f 73//73 74//74 74//74 
f 74//74 75//75 74//74 
f 74//74 75//75 76//76 
f 75//75 77//77 76//76 
f 76//76 77//77 77//77 
f 77//77 78//78 77//77 
f 77//77 78//78 78//78 
f 78//78 79//79 78//78 
f 78//78 79//79 80//80 
f 79//79 81//81 80//80 
f 80//80 81//81 81//81 
f 81//81 82//82 81//81 
f 81//81 82//82 82//82 
f 82//82 83//83 82//82 
f 82//82 83//83 84//84 
f 83//83 85//85 84//84 
f 84//84 85//85 85//85 
f 85//85 86//86 85//85 
f 85//85 86//86 86//86 
f 86//86 87//87 86//86 
f 86//86 87//87 88//88 
f 87//87 89//89 88//88 
f 88//88 89//89 89//89 
f 89//89 90//90 89//89 
f 89//89 90//90 90//90 
f 90//90 91//91 90//90 
f 90//90 91//91 92//92 
f 91//91 93//93 92//92 
f 92//92 93//93 93//93 
f 93//93 94//94 93//93 
f 93//93 94//94 94//94 
f 94//94 95//95 94//94 
f 94//94 95//95 96//96 
f 95//95 97//97 96//96 
f 96//96 97//97 97//97 
f 97//97 98//98 97//97 
f 97//97 98//98 98//98 
f 98//98 99//99 98//98 
f 98//98 99//99 100//100 
f 99//99 101//101 100//100 
f 100//100 101//101 101//101 
f 101//101 102//102 101//101 
f 101//101 102//102 102//102 
f 102//102 103//103 102//102 
f 102//102 103//103 104//104 
f 103//103 105//105 104//104 
f 104//104 105//105 105//105 
f 105//105 106//106 105//105 
f 105//105 106//106 106//106 
f 106//106 107//107 106//106 
f 106//106 107//107 108//108 
f 107//107 109//109 108//108 
f 108//108 109//109 109//109 
f 109//109 110//110 109//109 
f 109//109 110//110 110//110 
f 110//110 111//111 110//110 
f 110//110 111//111 112//112 
f 111//111 113//113 112//112 
f 112//112 113//113 113//113 
f 113//113 114//114 113//113 
f 113//113 114//114 114//114 
f 114//114 115//115 114//114 
f 114//114 115//115 116//116 
f 115//115 117//117 116//116 
f 116//116 117//117 117//117 
f 117//117 118//118 117//117 
f 117//117 118//118 118//118 
f 118//118 119//119 118//118 
f 118//118 119//119 120//120 
f 119//119 121//121 120//120 
f 120//120 121//121 121//121 
f 121//121 122//122 121//121 
f 121//121 122//122 122//122 
f 122//122 123//123 122//122 
f 122//122 123//123 124//124 
f 123//123 125//125 124//124 
f 124//124 125//125 125//125 
f 125//125 126//126 125//125 
f 125//125 126//126 126//126 
f 126//126 127//127 126//126 
f 126//126 127//127 128//128 
f 127//127 129//129 128//128 
f 128//128 129//129 129//129 
f 129//129 130//130 129//129 
f 129//129 130//130 130//130 
f 130//130 131//131 130//130 
f 130//130 131//131 132//132 
f 131//131 133//133 132//132 
f 132//132 133//133 133//133 
f 133//133 134//134 133//133 
f 133//133 134//134 134//134 
f 134//134 135//135 134//134 
f 134//134 135//135 136//136 
f 135//135 137//137 136//136 
f 136//136 137//137 137//137 
f 137//137 138//138 137//137 
f 137//137 138//138 138//138 
f 138//138 139//139 138//138 
f 138//138 139//139 140//140 
f 139//139 141//141 140//140 
f 140//140 141//141 141//141 
f 141//141 142//142 141//141 
f 141//141 142//142 142//142 
f 142//142 143//143 142//142 
f 142//142 143//143 144//144 
f 143//143 145//145 144//144 
f 144//144 145//145 145//145 
f 145//145 146//146 145//145 
f 145//145 146//146 146//146 
f 146//146 147//147 146//146 
f 146//146 147//147 148//148 
f 147//147 149//149 148//148 
f 148//148 149//149 149//149 
f 149//149 150//150 149//149 
f 149//149 150//150 150//150 
f 150//150 151//151 150//150 
f 150//150 151//151 152//152 
f 151//151 153//153 152//152 
f 152//152 153//153 153//153 
f 153//153 154//154 153//153 
f 153//153 154//154 154//154 
f 154//154 155//155 154//154 
f 154//154 155//155 156//156 
f 155//155 155//155 156//156 
f 156//156 155//155 157//157 
f 155//155 158//158 157//157 
f 157//157 158//158 159//159 
f 158//158 160//160 159//159 
f 159//159 160//160 161//161 
f 160//160 162//162 161//161 
f 161//161 162//162 163//163 
f 162//162 164//164 163//163 
f 163//163 164//164 165//165 
f 164//164 166//166 165//165 
f 165//165 166//166 167//167 
f 166//166 168//168 167//167 
f 167//167 168//168 169//169 
f 168//168 170//170 169//169 
f 169//169 170//170 171//171 
f 170//170 172//172 171//171 
f 171//171 172//172 173//173 
f 172//172 174//174 173//173 
f 173//173 174//174 175//175 
f 174//174 176//176 175//175 
f 175//175 176//176 177//177 
f 176//176 178//178 177//177 
f 177//177 178//178 179//179 
f 178//178 180//180 179//179 
f 179//179 180//180 181//181 
f 180//180 182//182 181//181 
f 181//181 182//182 183//183 
f 182//182 184//184 183//183 
f 183//183 184//184 185//185 
f 184//184 186//186 185//185 
f 185//185 186//186 187//187 
f 186//186 188//188 187//187 
f 187//187 188//188 189//189 
f 188//188 190//190 189//189 
f 189//189 190//190 191//191 
f 190//190 192//192 191//191 
f 191//191 192//192 193//193 
f 192//192 154//154 193//193 
f 193//193 154//154 156//156 
f 154//154 156//156 156//156 
f 156//156 156//156 194//194 
f 156//156 194//194 194//194 
f 194//194 194//194 195//195 
f 194//194 196//196 195//195 
f 195//195 196//196 197//197 
f 196//196 197//197 197//197 
f 197//197 197//197 198//198 
f 197//197 198//198 198//198 
f 198//198 198//198 199//199 
f 198//198 200//200 199//199 
f 199//199 200//200 201//201 
f 200//200 201//201 201//201 
f 201//201 201//201 202//202 
f 201//201 202//202 202//202 
f 202//202 202//202 203//203 
f 202//202 204//204 203//203 
f 203//203 204//204 205//205 
f 204//204 205//205 205//205 
f 205//205 205//205 206//206 
f 205//205 206//206 206//206 
f 206//206 206//206 207//207 
f 206//206 208//208 207//207 
f 207//207 208//208 209//209 
f 208//208 209//209 209//209 
f 209//209 209//209 210//210 
f 209//209 210//210 210//210 
f 210//210 210//210 211//211 
f 210//210 212//212 211//211 
f 211//211 212//212 213//213 
f 212//212 213//213 213//213 
f 213//213 213//213 214//214 
f 213//213 214//214 214//214 
f 214//214 214//214 215//215 
f 214//214 216//216 215//215 
f 215//215 216//216 217//217 
f 216//216 217//217 217//217 
f 217//217 217//217 218//218 
f 217//217 218//218 218//218 
f 218//218 218//218 219//219 
f 218//218 220//220 219//219 
f 219//219 220//220 221//221 
f 220//220 221//221 221//221 
f 221//221 221//221 222//222 
f 221//221 222//222 222//222 
f 222//222 222//222 223//223 
f 222//222 224//224 223//223 
f 223//223 224//224 225//225 
f 224//224 225//225 225//225 
f 225//225 225//225 226//226 
f 225//225 226//226 226//226 
f 226//226 226//226 227//227 
f 226//226 228//228 227//227 
f 227//227 228//228 229//229 
f 228//228 229//229 229//229 
f 229//229 229//229 230//230 
f 229//229 230//230 230//230 
f 230//230 230//230 231//231 
f 230//230 232//232 231//231 
f 231//231 232//232 233//233 
f 232//232 233//233 233//233 
f 233//233 233//233 234//234 
f 233//233 234//234 234//234 
f 234//234 234//234 235//235 
f 234//234 236//236 235//235 
f 235//235 236//236 237//237 
f 236//236 237//237 237//237 
f 237//237 237//237 238//238 
f 237//237 238//238 238//238 
f 238//238 238//238 239//239 
f 238//238 240//240 239//239 
f 239//239 240//240 241//241 
f 240//240 241//241 241//241 
f 241//241 241//241 242//242 
f 241//241 242//242 242//242 
f 242//242 242//242 243//243 
f 242//242 244//244 243//243 
f 243//243 244//244 245//245 
f 244//244 245//245 245//245 
f 245//245 245//245 246//246 
f 245//245 246//246 246//246 
f 246//246 246//246 247//247 
f 246//246 248//248 247//247 
f 247//247 248//248 249//249 
f 248//248 249//249 249//249 
f 249//249 249//249 250//250 
f 249//249 250//250 250//250 
f 250//250 250//250 251//251 
f 250//250 252//252 251//251 
f 251//251 252//252 253//253 
f 252//252 253//253 253//253 
f 253//253 253//253 254//254 
f 253//253 254//254 254//254 
f 254//254 254//254 255//255 
f 254//254 256//256 255//255 
f 255//255 256//256 257//257 
f 256//256 257//257 257//257 
f 257//257 257//257 258//258 
f 257//257 258//258 258//258 
f 258//258 258//258 259//259 
f 258//258 257//257 259//259 
f 259//259 257//257 260//260 
f 257//257 260//260 260//260 
f 260//260 260//260 261//261 
f 260//260 261//261 261//261 
f 261//261 261//261 262//262 
f 261//261 263//263 262//262 
f 262//262 263//263 264//264 
f 263//263 264//264 264//264 
f 264//264 264//264 265//265 
f 264//264 265//265 265//265 
f 265//265 265//265 266//266 
f 265//265 267//267 266//266 
f 266//266 267//267 268//268 
f 267//267 268//268 268//268 
f 268//268 268//268 269//269 
f 268//268 269//269 269//269 
f 269//269 269//269 270//270 
f 269//269 271//271 270//270 
f 270//270 271//271 272//272 
f 271//271 272//272 272//272 
f 272//272 272//272 273//273 
f 272//272 273//273 273//273 
f 273//273 273//273 274//274 
f 273//273 275//275 274//274 
f 274//274 275//275 276//276 
f 275//275 276//276 276//276 
f 276//276 276//276 277//277 
f 276//276 277//277 277//277 
f 277//277 277//277 278//278 
f 277//277 279//279 278//278 
f 278//278 279//279 280//280 
f 279//279 280//280 280//280 
f 280//280 280//280 281//281 
f 280//280 281//281 281//281 
f 281//281 281//281 282//282 
f 281//281 283//283 282//282 
f 282//282 283//283 284//284 
f 283//283 284//284 284//284 
f 284//284 284//284 285//285 
f 284//284 285//285 285//285 
f 285//285 285//285 286//286 
f 285//285 287//287 286//286 
f 286//286 287//287 288//288 
f 287//287 288//288 288//288 
f 288//288 288//288 289//289 
f 288//288 289//289 289//289 
f 289//289 289//289 290//290 
f 289//289 291//291 290//290 
f 290//290 291//291 292//292 
f 291//291 292//292 292//292 
f 292//292 292//292 293//293 
f 292//292 293//293 293//293 
f 293//293 293//293 294//294 
f 293//293 295//295 294//294 
f 294//294 295//295 296//296 
f 295//295 296//296 296//296 
f 296//296 296//296 297//297 
f 296//296 297//297 297//297 
f 297//297 297//297 298//298 
f 297//297 299//299 298//298 
f 298//298 299//299 300//300 
f 299//299 300//300 300//300 
f 300//300 300//300 301//301 
f 300//300 301//301 301//301 
f 301//301 301//301 302//302 
f 301//301 303//303 302//302 
f 302//302 303//303 304//304 
f 303//303 304//304 304//304 
f 304//304 304//304 305//305 
f 304//304 305//305 305//305 
f 305//305 305//305 306//306 
f 305//305 304//304 306//306 
f 306//306 304//304 307//307 
f 304//304 307//307 307//307 
f 307//307 307//307 308//308 
f 307//307 308//308 308//308 
f 308//308 308//308 309//309 
f 308//308 310//310 309//309 
f 309//309 310//310 311//311 
f 310//310 311//311 311//311 
f 311//311 311//311 312//312 
f 311//311 312//312 312//312 
f 312//312 312//312 313//313 
f 312//312 314//314 313//313 
f 313//313 314//314 315//315 
f 314//314 315//315 315//315 
f 315//315 315//315 316//316 
f 315//315 316//316 316//316 
f 316//316 316//316 317//317 
f 316//316 318//318 317//317 
f 317//317 318//318 319//319 
f 318//318 319//319 319//319 
f 319//319 319//319 320//320 
f 319//319 320//320 320//320 
f 320//320 320//320 321//321 
f 320//320 322//322 321//321 
f 321//321 322//322 323//323 
f 322//322 323//323 323//323 
f 323//323 323//323 324//324 
f 323//323 324//324 324//324 
f 324//324 324//324 325//325 
f 324//324 326//326 325//325 
f 325//325 326//326 327//327 
f 326//326 327//327 327//327 
f 327//327 327//327 328//328 
f 327//327 328//328 328//328 
f 328//328 328//328 329//329 
f 328//328 330//330 329//329 
f 329//329 330//330 331//331 
f 330//330 331//331 331//331 
f 331//331 331//331 332//332 
f 331//331 332//332 332//332 
f 332//332 332//332 333//333 
f 332//332 334//334 333//333 
f 333//333 334//334 335//335 
f 334//334 335//335 335//335 
f 335//335 335//335 336//336 
f 335//335 336//336 336//336 
f 336//336 336//336 337//337 
f 336//336 338//338 337//337 
f 337//337 338//338 339//339 
f 338//338 339//339 339//339 
f 339//339 339//339 340//340 
f 339//339 340//340 340//340 
f 340//340 340//340 341//341 
f 340//340 342//342 341//341 
f 341//341 342//342 343//343 
f 342//342 343//343 343//343 
f 343//343 343//343 344//344 
f 343//343 344//344 344//344 
f 344//344 344//344 345//345 
f 344//344 346//346 345//345 
f 345//345 346//346 347//347 
f 346//346 347//347 347//347 
f 347//347 347//347 348//348 
f 347//347 348//348 348//348 
f 348//348 348//348 349//349 
f 348//348 350//350 349//349 
f 349//349 350//350 351//351 
f 350//350 351//351 351//351 
f 351//351 351//351 352//352 
f 351//351 352//352 352//352 
f 352//352 352//352 351//351 
f 352//352 353//353 351//351 
f 351//351 353//353 354//354 
f 353//353 354//354 354//354 
f 354//354 354//354 355//355 
f 354//354 355//355 355//355 
f 355//355 355//355 356//356 
f 355//355 357//357 356//356 
f 356//356 357//357 358//358 
f 357//357 358//358 358//358 
f 358//358 358//358 359//359 
f 358//358 359//359 359//359 
f 359//359 359//359 360//360 
f 359//359 361//361 360//360 
f 360//360 361//361 362//362 
f 361//361 362//362 362//362 
f 362//362 362//362 363//363 
f 362//362 363//363 363//363 
f 363//363 363//363 364//364 
f 363//363 365//365 364//364 
f 364//364 365//365 366//366 
f 365//365 366//366 366//366 
f 366//366 366//366 367//367 
f 366//366 367//367 367//367 
f 367//367 367//367 368//368 
f 367//367 369//369 368//368 
f 368//368 369//369 370//370 
f 369//369 370//370 370//370 
f 370//370 370//370 371//371 
f 370//370 371//371 371//371 
f 371//371 371//371 372//372 
f 371//371 373//373 372//372 
f 372//372 373//373 374//374 
f 373//373 374//374 374//374 
f 374//374 374//374 375//375 
f 374//374 375//375 375//375 
f 375//375 375//375 376//376 
f 375//375 377//377 376//376 
f 376//376 377//377 378//378 
f 377//377 378//378 378//378 
f 378//378 378//378 379//379 
f 378//378 379//379 379//379 
f 379//379 379//379 380//380 
f 379//379 381//381 380//380 
f 380//380 381//381 382//382 
f 381//381 382//382 382//382 
f 382//382 382//382 383//383 
f 382//382 383//383 383//383 
f 383//383 383//383 384//384 
f 383//383 385//385 384//384 
f 384//384 385//385 386//386 
f 385//385 386//386 386//386 
f 386//386 386//386 387//387 
f 386//386 387//387 387//387 
f 387//387 387//387 388//388 
f 387//387 389//389 388//388 
f 388//388 389//389 390//390 
f 389//389 390//390 390//390 
f 390//390 390//390 391//391 
f 390//390 391//391 391//391 
f 391//391 391//391 392//392 
f 391//391 393//393 392//392 
f 392//392 393//393 394//394 
f 393//393 394//394 394//394 
f 394//394 394//394 395//395 
f 394//394 395//395 395//395 
f 395//395 395//395 396//396 
f 395//395 397//397 396//396 
f 396//396 397//397 398//398 
f 397//397 398//398 398//398 
f 398//398 398//398 399//399 
f 398//398 399//399 399//399 
f 399//399 399//399 400//400 
f 399//399 401//401 400//400 
f 400//400 401//401 402//402 
f 401//401 402//402 402//402 
f 402//402 402//402 403//403 
f 402//402 403//403 403//403 
f 403//403 403//403 404//404 
f 403//403 405//405 404//404 
f 404//404 405//405 406//406 
f 405//405 406//406 406//406 
f 406//406 406//406 407//407 
f 406//406 407//407 407//407 
f 407//407 407//407 408//408 
f 407//407 409//409 408//408 
f 408//408 409//409 410//410 
f 409//409 410//410 410//410 
f 410//410 410//410 411//411 
f 410//410 411//411 411//411 
f 411//411 411//411 411//411 
f 411//411 412//412 411//411 
f 411//411 412//412 413//413 
f 412//412 414//414 413//413 
f 413//413 414//414 415//415 
f 414//414 416//416 415//415 
f 415//415 416//416 417//417 
f 416//416 418//418 417//417 
f 417//417 418//418 419//419 
f 418//418 420//420 419//419 
f 419//419 420//420 421//421 
f 420//420 422//422 421//421 
f 421//421 422//422 423//423 
f 422//422 424//424 423//423 
f 423//423 424//424 424//424 
f 424//424 425//425 424//424 
f 424//424 425//425 425//425 
f 425//425 426//426 425//425 
f 425//425 426//426 427//427 
f 426//426 428//428 427//427 
f 427//427 428//428 429//429 
f 428//428 430//430 429//429 
f 429//429 430//430 431//431 
f 430//430 432//432 431//431 
f 431//431 432//432 432//432 
f 432//432 433//433 432//432 
f 432//432 433//433 433//433 
f 433//433 434//434 433//433 
f 433//433 434//434 435//435 
f 434//434 436//436 435//435 
f 435//435 436//436 437//437 
f 436//436 438//438 437//437 
f 437//437 438//438 439//439 
f 438//438 440//440 439//439 
f 439//439 440//440 440//440 
f 440//440 441//441 440//440 
f 440//440 441//441 441//441 
f 441//441 442//442 441//441 
f 441//441 442//442 443//443 
f 442//442 444//444 443//443 
f 443//443 444//444 445//445 
f 444//444 446//446 445//445 
f 445//445 446//446 447//447 
f 446//446 448//448 447//447 
f 447//447 448//448 448//448 
f 448//448 449//449 448//448 
f 448//448 449//449 449//449 
f 449//449 450//450 449//449 
f 449//449 450//450 451//451 
f 450//450 452//452 451//451 
f 451//451 452//452 453//453 
f 452//452 454//454 453//453 
f 453//453 454//454 454//454 
f 454//454 455//455 454//454 
f 454//454 455//455 455//455 
f 455//455 456//456 455//455 
f 455//455 456//456 457//457 
f 456//456 458//458 457//457 
f 457//457 458//458 457//457 
f 458//458 459//459 457//457 
f 457//457 459//459 460//460 
f 459//459 460//460 460//460 
f 460//460 460//460 459//459 
f 460//460 459//459 459//459 
f 459//459 459//459 461//461 
f 459//459 462//462 461//461 
f 461//461 462//462 463//463 
f 462//462 464//464 463//463 
f 463//463 464//464 465//465 
f 464//464 465//465 465//465 
f 465//465 465//465 464//464 
f 465//465 464//464 464//464 
f 464//464 464//464 466//466 
f 464//464 467//467 466//466 
f 466//466 467//467 468//468 
f 467//467 468//468 468//468 
f 468//468 468//468 469//469 
f 468//468 469//469 469//469 
f 469//469 469//469 470//470 
f 469//469 467//467 470//470 
f 470//470 467//467 470//470 
f 467//467 471//471 470//470 
f 470//470 471//471 470//470 
f 471//471 472//472 470//470 
f 470//470 472//472 473//473 
f 472//472 474//474 473//473 
f 473//473 474//474 475//475 
f 474//474 475//475 475//475 
f 475//475 475//475 474//474 
f 475//475 474//474 474//474 
f 474//474 474//474 476//476 
f 474//474 477//477 476//476 
f 476//476 477//477 478//478 
f 477//477 478//478 478//478 
f 478//478 478//478 477//477 
f 478//478 477//477 477//477 
f 477//477 477//477 479//479 
f 477//477 480//480 479//479 
f 479//479 480//480 481//481 
f 480//480 481//481 481//481 
f 481//481 481//481 482//482 
f 481//481 482//482 482//482 
f 482//482 482//482 483//483 
f 482//482 480//480 483//483 
f 483//483 480//480 483//483 
f 480//480 484//484 483//483 
f 483//483 484//484 483//483 
f 484//484 485//485 483//483 
f 483//483 485//485 486//486 
f 485//485 487//487 486//486 
f 486//486 487//487 488//488 
f 487//487 489//489 488//488 
f 488//488 489//489 490//490 
f 489//489 490//490 490//490 
f 490//490 490//490 489//489 
f 490//490 489//489 489//489 
f 489//489 489//489 491//491 
f 489//489 492//492 491//491 
f 491//491 492//492 493//493 
f 492//492 493//493 493//493 
f 493//493 493//493 494//494 
f 493//493 494//494 494//494 
f 494//494 494//494 495//495 
f 494//494 492//492 495//495 
f 495//495 492//492 496//496 
f 492//492 496//496 496//496 
f 496//496 496//496 496//496 
f 496//496 496//496 496//496 
f 496//496 496//496 497//497 
f 496//496 498//498 497//497 
f 497//497 498//498 499//499 
f 498//498 500//500 499//499 
f 499//499 500//500 501//501 
f 500//500 501//501 501//501 
f 501//501 501//501 500//500 
f 501//501 500//500 500//500 
f 500//500 500//500 502//502 
f 500//500 503//503 502//502 
f 502//502 503//503 504//504 
f 503//503 456//456 504//504 
f 504//504 456//456 505//505 
f 456//456 505//505 505//505 
f 505//505 505//505 506//506 
f 505//505 506//506 506//506 
f 506//506 506//506 507//507 
f 506//506 508//508 507//507 
f 507//507 508//508 507//507 
f 508//508 509//509 507//507 
f 507//507 509//509 510//510 
f 509//509 511//511 510//510 
f 510//510 511//511 511//511 
f 511//511 512//512 511//511 
f 511//511 512//512 512//512 
f 512//512 513//513 512//512 
f 512//512 513//513 514//514 
f 513//513 515//515 514//514 
f 514//514 515//515 516//516 
f 515//515 517//517 516//516 
f 516//516 517//517 518//518 
f 517//517 519//519 518//518 
f 518//518 519//519 519//519 
f 519//519 520//520 519//519 
f 519//519 520//520 520//520 
f 520//520 521//521 520//520 
f 520//520 521//521 522//522 
f 521//521 523//523 522//522 
f 522//522 523//523 524//524 
f 523//523 525//525 524//524 
f 524//524 525//525 526//526 
f 525//525 527//527 526//526 
f 526//526 527//527 528//528 
f 527//527 529//529 528//528 
f 528//528 529//529 530//530 
f 529//529 531//531 530//530 
f 530//530 531//531 532//532 
f 531//531 533//533 532//532 
f 532//532 533//533 533//533 
f 533//533 532//532 533//533 
f 533//533 532//532 532//532 
f 532//532 534//534 532//532 
f 532//532 534//534 535//535 
f 534//534 536//536 535//535 
f 535//535 536//536 536//536 
f 536//536 537//537 536//536 
f 536//536 537//537 537//537 
f 537//537 538//538 537//537 
f 537//537 538//538 539//539 
f 538//538 540//540 539//539 
f 539//539 540//540 541//541 
f 540//540 542//542 541//541 
f 541//541 542//542 543//543 
f 542//542 544//544 543//543 
f 543//543 544//544 544//544 
f 544//544 545//545 544//544 
f 544//544 545//545 545//545 
f 545//545 546//546 545//545 
f 545//545 546//546 547//547 
f 546//546 548//548 547//547 
f 547//547 548//548 549//549 
f 548//548 550//550 549//549 
f 549//549 550//550 551//551 
f 550//550 552//552 551//551 
f 551//551 552//552 552//552 
f 552//552 553//553 552//552 
f 552//552 553//553 553//553 
f 553//553 554//554 553//553 
f 553//553 554//554 555//555 
f 554//554 556//556 555//555 
f 555//555 556//556 557//557 
f 556//556 558//558 557//557 
f 557//557 558//558 558//558 
f 558//558 559//559 558//558 
f 558//558 559//559 559//559 
f 559//559 560//560 559//559 
f 559//559 560//560 561//561 
f 560//560 562//562 561//561 
f 561//561 562//562 561//561 
f 562//562 563//563 561//561 
f 561//561 563//563 564//564 
f 563//563 563//563 564//564 
f 564//564 563//563 565//565 
f 563//563 566//566 565//565 
f 565//565 566//566 567//567 
f 566//566 568//568 567//567 
f 567//567 568//568 568//568 
f 568//568 569//569 568//568 
f 568//568 569//569 569//569 
f 569//569 568//568 569//569 
f 569//569 568//568 570//570 
f 568//568 571//571 570//570 
f 570//570 571//571 572//572 
f 571//571 573//573 572//572 
f 572//572 573//573 572//572 
f 573//573 574//574 572//572 
f 572//572 574//574 575//575 
f 574//574 574//574 575//575 
f 575//575 574//574 576//576 
f 574//574 577//577 576//576 
f 576//576 577//577 578//578 
f 577//577 579//579 578//578 
f 578//578 579//579 580//580 
f 579//579 581//581 580//580 
f 580//580 581//581 582//582 
f 581//581 583//583 582//582 
f 582//582 583//583 582//582 
f 583//583 584//584 582//582 
f 582//582 584//584 585//585 
f 584//584 585//585 585//585 
f 585//585 585//585 586//586 
f 585//585 586//586 586//586 
f 586//586 586//586 587//587 
f 586//586 584//584 587//587 
f 587//587 584//584 587//587 
f 584//584 588//588 587//587 
f 587//587 588//588 589//589 
f 588//588 590//590 589//589 
f 589//589 590//590 591//591 
f 590//590 592//592 591//591 
f 591//591 592//592 593//593 
f 592//592 594//594 593//593 
f 593//593 594//594 593//593 
f 594//594 595//595 593//593 
f 593//593 595//595 596//596 
f 595//595 595//595 596//596 
f 596//596 595//595 597//597 
f 595//595 598//598 597//597 
f 597//597 598//598 599//599 
f 598//598 600//600 599//599 
f 599//599 600//600 601//601 
f 600//600 560//560 601//601 
f 601//601 560//560 560//560 
f 560//560 602//602 560//560 
f 560//560 602//602 602//602 
f 602//602 603//603 602//602 
f 602//602 603//603 604//604 
f 603//603 605//605 604//604 
f 604//604 605//605 606//606 
f 605//605 607//607 606//606 
f 606//606 607//607 607//607 
f 607//607 608//608 607//607 
f 607//607 608//608 608//608 
f 608//608 609//609 608//608 
f 608//608 609//609 610//610 
f 609//609 611//611 610//610 
f 610//610 611//611 612//612 
f 611//611 613//613 612//612 
f 612//612 613//613 613//613 
f 613//613 609//609 613//613 
f 613//613 609//609 609//609 
f 609//609 614//614 609//609 
f 609//609 614//614 615//615 
f 614//614 616//616 615//615 
f 615//615 616//616 617//617 
f 616//616 618//618 617//617 
f 617//617 618//618 618//618 
f 618//618 619//619 618//618 
f 618//618 619//619 619//619 
f 619//619 620//620 619//619 
f 619//619 620//620 617//617 
f 620//620 621//621 617//617 
f 617//617 621//621 621//621 
f 621//621 621//621 621//621 
f 621//621 621//621 621//621 
f 621//621 622//622 621//621 
f 621//621 622//622 623//623 
f 622//622 624//624 623//623 
f 623//623 624//624 625//625 
f 624//624 626//626 625//625 
f 625//625 626//626 626//626 
f 626//626 625//625 626//626 
f 626//626 625//625 625//625 
f 625//625 627//627 625//625 
f 625//625 627//627 628//628 
f 627//627 629//629 628//628 
f 628//628 629//629 630//630 
f 629//629 631//631 630//630 
f 630//630 631//631 630//630 
f 631//631 632//632 630//630 
f 630//630 632//632 633//633 
f 632//632 633//633 633//633 
f 633//633 633//633 633//633 
f 633//633 633//633 633//633 
f 633//633 633//633 634//634 
f 633//633 635//635 634//634 
f 634//634 635//635 634//634 
f 635//635 636//636 634//634 
f 634//634 636//636 637//637 
f 636//636 638//638 637//637 
f 637//637 638//638 638//638 
f 638//638 637//637 638//638 
f 638//638 637//637 637//637 
f 637//637 639//639 637//637 
f 637//637 639//639 640//640 
f 639//639 641//641 640//640 
f 640//640 641//641 642//642 
f 641//641 643//643 642//642 
f 642//642 643//643 642//642 
f 643//643 644//644 642//642 
f 642//642 644//644 645//645 
f 644//644 645//645 645//645 
f 645//645 645//645 645//645 
f 645//645 645//645 645//645 
f 645//645 645//645 646//646 
f 645//645 647//647 646//646 
f 646//646 647//647 648//648 
f 647//647 648//648 648//648 
f 648//648 648//648 646//646 
f 648//648 646//646 646//646 
f 646//646 646//646 649//649 
f 646//646 650//650 649//649 
f 649//649 650//650 651//651 
f 650//650 651//651 651//651 
f 651//651 651//651 649//649 
f 651//651 649//649 649//649 
f 649//649 649//649 652//652 
f 649//649 653//653 652//652 
f 652//652 653//653 652//652 
f 653//653 654//654 652//652 
f 652//652 654//654 655//655 
f 654//654 656//656 655//655 
f 655//655 656//656 656//656 
f 656//656 613//613 656//656 
f 656//656 613//613 613//613 
f 613//613 655//655 613//613 
f 613//613 655//655 657//657 
f 655//655 658//658 657//657 
f 657//657 658//658 658//658 
f 658//658 659//659 658//658 
f 658//658 659//659 659//659 
f 659//659 660//660 659//659 
f 659//659 660//660 661//661 
f 660//660 660//660 661//661 
f 661//661 660//660 662//662 
f 660//660 663//663 662//662 
f 662//662 663//663 664//664 
f 663//663 665//665 664//664 
f 664//664 665//665 666//666 
f 665//665 666//666 666//666 
f 666//666 666//666 661//661 
f 666//666 661//661 661//661 
f 661//661 661//661 667//667 
f 661//661 668//668 667//667 
f 667//667 668//668 669//669 
f 668//668 668//668 669//669 
f 669//669 668//668 670//670 
f 668//668 671//671 670//670 
f 670//670 671//671 670//670 
f 671//671 672//672 670//670 
f 670//670 672//672 673//673 
f 672//672 674//674 673//673 
f 673//673 674//674 675//675 
f 674//674 676//676 675//675 
f 675//675 676//676 677//677 
f 676//676 677//677 677//677 
f 677//677 677//677 676//676 
f 677//677 676//676 676//676 
f 676//676 676//676 678//678 
f 676//676 679//679 678//678 
f 678//678 679//679 680//680 
f 679//679 679//679 680//680 
f 680//680 679//679 681//681 
f 679//679 682//682 681//681 
f 681//681 682//682 681//681 
f 682//682 683//683 681//681 
f 681//681 683//683 684//684 
f 683//683 685//685 684//684 
f 684//684 685//685 686//686 
f 685//685 687//687 686//686 
f 686//686 687//687 688//688 
f 687//687 689//689 688//688 
f 688//688 689//689 690//690 
f 689//689 689//689 690//690 
f 690//690 689//689 691//691 
f 689//689 692//692 691//691 
f 691//691 692//692 691//691 
f 692//692 693//693 691//691 
f 691//691 693//693 694//694 
f 693//693 694//694 694//694 
f 694//694 694//694 693//693 
f 694//694 693//693 693//693 
f 693//693 693//693 695//695 
f 693//693 696//696 695//695 
f 695//695 696//696 697//697 
f 696//696 698//698 697//697 
f 697//697 698//698 699//699 
f 698//698 700//700 699//699 
f 699//699 700//700 701//701 
f 700//700 700//700 701//701 
f 701//701 700//700 702//702 
f 700//700 666//666 702//702 
f 702//702 666//666 666//666 
f 666//666 703//703 666//666 
f 666//666 703//703 703//703 
f 703//703 704//704 703//703 
f 703//703 704//704 705//705 
f 704//704 704//704 705//705 
f 705//705 704//704 706//706 
f 704//704 707//707 706//706 
f 706//706 707//707 708//708 
f 707//707 709//709 708//708 
f 708//708 709//709 710//710 
f 709//709 711//711 710//710 
f 710//710 711//711 712//712 
f 711//711 713//713 712//712 
f 712//712 713//713 714//714 
f 713//713 715//715 714//714 
f 714//714 715//715 716//716 
f 715//715 717//717 716//716 
f 716//716 717//717 718//718 
f 717//717 719//719 718//718 
f 718//718 719//719 720//720 
f 719//719 721//721 720//720 
f 720//720 721//721 722//722 
f 721//721 723//723 722//722 
f 722//722 723//723 724//724 
f 723//723 725//725 724//724 
f 724//724 725//725 726//726 
f 725//725 727//727 726//726 
f 726//726 727//727 728//728 
f 727//727 729//729 728//728 
f 728//728 729//729 730//730 
f 729//729 731//731 730//730 
f 730//730 731//731 732//732 
f 731//731 733//733 732//732 
f 732//732 733//733 734//734 
f 733//733 735//735 734//734 
f 734//734 735//735 736//736 
f 735//735 737//737 736//736 
f 736//736 737//737 738//738 
f 737//737 739//739 738//738 
f 738//738 739//739 740//740 
f 739//739 741//741 740//740 
f 740//740 741//741 742//742 
f 741//741 703//703 742//742 
f 742//742 703//703 705//705 
f 703//703 705//705 705//705 
f 705//705 705//705 743//743 
f 705//705 743//743 743//743 
f 743//743 743//743 744//744 
f 743//743 745//745 744//744 
f 744//744 745//745 746//746 
f 745//745 746//746 746//746 
f 746//746 746//746 747//747 
f 746//746 747//747 747//747 
f 747//747 747//747 748//748 
f 747//747 749//749 748//748 
f 748//748 749//749 750//750 
f 749//749 751//751 750//750 
f 750//750 751//751 752//752 
f 751//751 753//753 752//752 
f 752//752 753//753 754//754 
f 753//753 755//755 754//754 
f 754//754 755//755 756//756 
f 755//755 757//757 756//756 
f 756//756 757//757 758//758 
f 757//757 759//759 758//758 
f 758//758 759//759 760//760 
f 759//759 761//761 760//760 
f 760//760 761//761 762//762 
f 761//761 763//763 762//762 
f 762//762 763//763 764//764 
f 763//763 765//765 764//764 
f 764//764 765//765 766//766 
f 765//765 767//767 766//766 
f 766//766 767//767 768//768 
f 767//767 769//769 768//768 
f 768//768 769//769 770//770 
f 769//769 771//771 770//770 
f 770//770 771//771 772//772 
f 771//771 773//773 772//772 
f 772//772 773//773 774//774 
f 773//773 775//775 774//774 
f 774//774 775//775 776//776 
f 775//775 777//777 776//776 
f 776//776 777//777 778//778 
f 777//777 779//779 778//778 
f 778//778 779//779 780//780 
f 779//779 781//781 780//780 
f 780//780 781//781 782//782 
f 781//781 783//783 782//782 
f 782//782 783//783 784//784 
f 783//783 785//785 784//784 
f 784//784 785//785 786//786 
f 785//785 747//747 786//786 
f 786//786 747//747 748//748 
f 747//747 748//748 748//748 
f 748//748 748//748 787//787 
f 748//748 787//787 787//787 
f 787//787 787//787 788//788 
f 787//787 789//789 788//788 
f 788//788 789//789 790//790 
f 789//789 790//790 790//790 
f 790//790 790//790 788//788 
f 790//790 788//788 788//788 
f 788//788 788//788 791//791 
f 788//788 792//792 791//791 
f 791//791 792//792 791//791 
f 792//792 793//793 791//791 
f 791//791 793//793 794//794 
f 793//793 795//795 794//794 
f 794//794 795//795 795//795 
f 795//795 796//796 795//795 
f 795//795 796//796 796//796 
f 796//796 797//797 796//796 
f 796//796 797//797 795//795 
f 797//797 798//798 795//795 
f 795//795 798//798 798//798 
f 798//798 797//797 798//798 
f 798//798 797//797 797//797 
f 797//797 799//799 797//797 
f 797//797 799//799 800//800 
f 799//799 801//801 800//800 
f 800//800 801//801 801//801 
f 801//801 802//802 801//801 
f 801//801 802//802 802//802 
f 802//802 803//803 802//802 
f 802//802 803//803 804//804 
f 803//803 805//805 804//804 
f 804//804 805//805 806//806 
f 805//805 807//807 806//806 
f 806//806 807//807 807//807 
f 807//807 808//808 807//807 
f 807//807 808//808 808//808 
f 808//808 809//809 808//808 
f 808//808 809//809 810//810 
f 809//809 811//811 810//810 
f 810//810 811//811 812//812 
f 811//811 813//813 812//812 
f 812//812 813//813 813//813 
f 813//813 814//814 813//813 
f 813//813 814//814 814//814 
f 814//814 815//815 814//814 
f 814//814 815//815 813//813 
f 815//815 816//816 813//813 
f 813//813 816//816 816//816 
f 816//816 817//817 816//816 
f 816//816 817//817 817//817 
f 817//817 818//818 817//817 
f 817//817 818//818 819//819 
f 818//818 820//820 819//819 
f 819//819 820//820 821//821 
f 820//820 822//822 821//821 
f 821//821 822//822 822//822 
f 822//822 818//818 822//822 
f 822//822 818//818 818//818 
f 818//818 823//823 818//818 
f 818//818 823//823 824//824 
f 823//823 825//825 824//824 
f 824//824 825//825 825//825 
f 825//825 826//826 825//825 
f 825//825 826//826 826//826 
f 826//826 822//822 826//826 
f 826//826 822//822 827//827 
f 822//822 828//828 827//827 
f 827//827 828//828 828//828 
f 828//828 829//829 828//828 
f 828//828 829//829 829//829 
f 829//829 828//828 829//829 
f 829//829 828//828 830//830 
f 828//828 831//831 830//830 
f 830//830 831//831 831//831 
f 831//831 832//832 831//831 
f 831//831 832//832 832//832 
f 832//832 831//831 832//832 
f 832//832 831//831 833//833 
f 831//831 834//834 833//833 
f 833//833 834//834 834//834 
f 834//834 833//833 834//834 
f 834//834 833//833 833//833 
f 833//833 835//835 833//833 
f 833//833 835//835 836//836 
f 835//835 837//837 836//836 
f 836//836 837//837 837//837 
f 837//837 836//836 837//837 
f 837//837 836//836 836//836 
f 836//836 838//838 836//836 
f 836//836 838//838 839//839 
f 838//838 840//840 839//839 
f 839//839 840//840 841//841 
f 840//840 842//842 841//841 
f 841//841 842//842 842//842 
f 842//842 843//843 842//842 
f 842//842 843//843 843//843 
f 843//843 844//844 843//843 
f 843//843 844//844 842//842 
f 844//844 845//845 842//842 
f 842//842 845//845 845//845 
f 845//845 846//846 845//845 
f 845//845 846//846 846//846 
f 846//846 847//847 846//846 
f 846//846 847//847 848//848 
f 847//847 849//849 848//848 
f 848//848 849//849 850//850 
f 849//849 851//851 850//850 
f 850//850 851//851 852//852 
f 851//851 853//853 852//852 
f 852//852 853//853 853//853 
f 853//853 847//847 853//853 
f 853//853 847//847 847//847 
f 847//847 854//854 847//847 
f 847//847 854//854 855//855 
f 854//854 856//856 855//855 
f 855//855 856//856 857//857 
f 856//856 858//858 857//857 
f 857//857 858//858 858//858 
f 858//858 857//857 858//858 
f 858//858 857//857 857//857 
f 857//857 859//859 857//857 
f 857//857 859//859 860//860 
f 859//859 861//861 860//860 
f 860//860 861//861 861//861 
f 861//861 862//862 861//861 
f 861//861 862//862 862//862 
f 862//862 861//861 862//862 
f 862//862 861//861 863//863 
f 861//861 864//864 863//863 
f 863//863 864//864 865//865 
f 864//864 866//866 865//865 
f 865//865 866//866 866//866 
f 866//866 865//865 866//866 
f 866//866 865//865 865//865 
f 865//865 867//867 865//865 
f 865//865 867//867 868//868 
f 867//867 869//869 868//868 
f 868//868 869//869 870//870 
f 869//869 871//871 870//870 
f 870//870 871//871 872//872 
f 871//871 873//873 872//872 
f 872//872 873//873 874//874 
f 873//873 875//875 874//874 
f 874//874 875//875 876//876 
f 875//875 877//877 876//876 
f 876//876 877//877 878//878 
f 877//877 879//879 878//878 
f 878//878 879//879 879//879 
f 879//879 880//880 879//879 
f 879//879 880//880 880//880 
f 880//880 881//881 880//880 
f 880//880 881//881 879//879 
f 881//881 882//882 879//879 
f 879//879 882//882 882//882 
f 882//882 881//881 882//882 
f 882//882 881//881 881//881 
f 881//881 883//883 881//881 
f 881//881 883//883 884//884 
f 883//883 885//885 884//884 
f 884//884 885//885 886//886 
f 885//885 887//887 886//886 
f 886//886 887//887 888//888 
f 887//887 889//889 888//888 
f 888//888 889//889 889//889 
f 889//889 890//890 889//889 
f 889//889 890//890 890//890 
f 890//890 853//853 890//890 
f 890//890 853//853 891//891 
f 853//853 892//892 891//891 
f 891//891 892//892 893//893 
f 892//892 894//894 893//893 
f 893//893 894//894 894//894 
f 894//894 895//895 894//894 
f 894//894 895//895 895//895 
f 895//895 896//896 895//895 
f 895//895 896//896 897//897 
f 896//896 898//898 897//897 
f 897//897 898//898 898//898 
f 898//898 896//896 898//898 
f 898//898 896//896 896//896 
f 896//896 899//899 896//896 
f 896//896 899//899 900//900 
f 899//899 901//901 900//900 
f 900//900 901//901 901//901 
f 901//901 902//902 901//901 
f 901//901 902//902 902//902 
f 902//902 898//898 902//902 
f 902//902 898//898 903//903 
f 898//898 904//904 903//903 
f 903//903 904//904 904//904 
f 904//904 905//905 904//904 
f 904//904 905//905 905//905 
f 905//905 901//901 905//905 
f 905//905 901//901 906//906 
f 901//901 907//907 906//906 
f 906//906 907//907 907//907 
f 907//907 906//906 907//907 
f 907//907 906//906 906//906 
f 906//906 908//908 906//906 
f 906//906 908//908 909//909 
f 908//908 910//910 909//909 
f 909//909 910//910 910//910 
f 910//910 911//911 910//910 
f 910//910 911//911 911//911 
f 911//911 912//912 911//911 
f 911//911 912//912 913//913 
f 912//912 914//914 913//913 
f 913//913 914//914 914//914 
f 914//914 912//912 914//914 
f 914//914 912//912 912//912 
f 912//912 915//915 912//912 
f 912//912 915//915 916//916 
f 915//915 917//917 916//916 
f 916//916 917//917 917//917 
f 917//917 916//916 917//917 
f 917//917 916//916 916//916 
f 916//916 918//918 916//916 
f 916//916 918//918 919//919 
f 918//918 920//920 919//919 
f 919//919 920//920 920//920 
f 920//920 921//921 920//920 
f 920//920 921//921 921//921 
f 921//921 922//922 921//921 
f 921//921 922//922 920//920 
f 922//922 923//923 920//920 
f 920//920 923//923 923//923 
f 923//923 924//924 923//923 
f 923//923 924//924 924//924 
f 924//924 925//925 924//924 
f 924//924 925//925 926//926 
f 925//925 927//927 926//926 
f 926//926 927//927 927//927 
f 927//927 928//928 927//927 
f 927//927 928//928 928//928 
f 928//928 929//929 928//928 
f 928//928 929//929 927//927 
f 929//929 930//930 927//927 
f 927//927 930//930 930//930 
f 930//930 925//925 930//930 
f 930//930 925//925 925//925 
f 925//925 931//931 925//925 
f 925//925 931//931 932//932 
f 931//931 933//933 932//932 
f 932//932 933//933 934//934 
f 933//933 935//935 934//934 
f 934//934 935//935 936//936 
f 935//935 937//937 936//936 
f 936//936 937//937 937//937 
f 937//937 938//938 937//937 
f 937//937 938//938 938//938 
f 938//938 939//939 938//938 
f 938//938 939//939 940//940 
f 939//939 941//941 940//940 
f 940//940 941//941 941//941 
f 941//941 942//942 941//941 
f 941//941 942//942 942//942 
f 942//942 943//943 942//942 
f 942//942 943//943 944//944 
f 943//943 945//945 944//944 
f 944//944 945//945 945//945 
f 945//945 944//944 945//945 
f 945//945 944//944 944//944 
f 944//944 946//946 944//944 
f 944//944 946//946 947//947 
f 946//946 948//948 947//947 
f 947//947 948//948 949//949 
f 948//948 950//950 949//949 
f 949//949 950//950 950//950 
f 950//950 951//951 950//950 
f 950//950 951//951 951//951 
f 951//951 950//950 951//951 
f 951//951 950//950 952//952 
f 950//950 953//953 952//952 
f 952//952 953//953 953//953 
f 953//953 952//952 953//953 
f 953//953 952//952 952//952 
f 952//952 954//954 952//952 
f 952//952 954//954 955//955 
f 954//954 956//956 955//955 
f 955//955 956//956 956//956 
f 956//956 957//957 956//956 
f 956//956 957//957 957//957 
f 957//957 958//958 957//957 
f 957//957 958//958 959//959 
f 958//958 960//960 959//959 
f 959//959 960//960 961//961 
f 960//960 962//962 961//961 
f 961//961 962//962 963//963 
f 962//962 964//964 963//963 
f 963//963 964//964 964//964 
f 964//964 965//965 964//964 
f 964//964 965//965 965//965 
f 965//965 964//964 965//965 
f 965//965 964//964 966//966 
f 964//964 967//967 966//966 
f 966//966 967//967 968//968 
f 967//967 969//969 968//968 
f 968//968 969//969 969//969 
f 969//969 970//970 969//969 
f 969//969 970//970 970//970 
f 970//970 971//971 970//970 
f 970//970 971//971 972//972 
f 971//971 973//973 972//972 
f 972//972 973//973 974//974 
f 973//973 975//975 974//974 
f 974//974 975//975 975//975 
f 975//975 974//974 975//975 
f 975//975 974//974 974//974 
f 974//974 976//976 974//974 
f 974//974 976//976 977//977 
f 976//976 978//978 977//977 
f 977//977 978//978 978//978 
f 978//978 979//979 978//978 
f 978//978 979//979 979//979 
f 979//979 978//978 979//979 
f 979//979 978//978 980//980 
f 978//978 981//981 980//980 
f 980//980 981//981 982//982 
f 981//981 983//983 982//982 
f 982//982 983//983 983//983 
f 983//983 982//982 983//983 
f 983//983 982//982 982//982 
f 982//982 984//984 982//982 
f 982//982 984//984 985//985 
f 984//984 986//986 985//985 
f 985//985 986//986 986//986 
f 986//986 985//985 986//986 
f 986//986 985//985 985//985 
f 985//985 987//987 985//985 
f 985//985 987//987 988//988 
f 987//987 989//989 988//988 
f 988//988 989//989 989//989 
f 989//989 990//990 989//989 
f 989//989 990//990 990//990 
f 990//990 989//989 990//990 
f 990//990 989//989 991//991 
f 989//989 992//992 991//991 
f 991//991 992//992 993//993 
f 992//992 994//994 993//993 
f 993//993 994//994 995//995 
f 994//994 996//996 995//995 
f 995//995 996//996 997//997 
f 996//996 998//998 997//997 
f 997//997 998//998 999//999 
f 998//998 1000//1000 999//999 
f 999//999 1000//1000 1000//1000 
f 1000//1000 999//999 1000//1000 
f 1000//1000 999//999 999//999 
f 999//999 1001//1001 999//999 
f 999//999 1001//1001 1002//1002 
f 1001//1001 1003//1003 1002//1002 
f 1002//1002 1003//1003 1004//1004 
f 1003//1003 1005//1005 1004//1004 
f 1004//1004 1005//1005 1006//1006 
f 1005//1005 1007//1007 1006//1006 

